year,age,pasfr,tfr
1950,10,0.000354,6.129705
1950,11,0.004597,6.129705
1950,12,0.021398,6.129705
1950,13,0.081119,6.129705
1950,14,0.207079,6.129705
1950,15,0.439501,6.129705
1950,16,0.848792,6.129705
1950,17,1.501972,6.129705
1950,18,2.374235,6.129705
1950,19,3.275346,6.129705
1950,20,4.120659,6.129705
1950,21,4.695966,6.129705
1950,22,4.98033,6.129705
1950,23,5.068687,6.129705
1950,24,5.003651,6.129705
1950,25,4.874094,6.129705
1950,26,4.723535,6.129705
1950,27,4.614137,6.129705
1950,28,4.552661,6.129705
1950,29,4.502926,6.129705
1950,30,4.451852,6.129705
1950,31,4.366262,6.129705
1950,32,4.24326,6.129705
1950,33,4.091394,6.129705
1950,34,3.908139,6.129705
1950,35,3.677951,6.129705
1950,36,3.392632,6.129705
1950,37,3.077671,6.129705
1950,38,2.738905,6.129705
1950,39,2.380906,6.129705
1950,40,1.999999,6.129705
1950,41,1.625945,6.129705
1950,42,1.260699,6.129705
1950,43,0.939922,6.129705
1950,44,0.673004,6.129705
1950,45,0.464333,6.129705
1950,46,0.315273,6.129705
1950,47,0.211351,6.129705
1950,48,0.143884,6.129705
1950,49,0.087303,6.129705
1950,50,0.038949,6.129705
1950,51,0.011201,6.129705
1950,52,0.004099,6.129705
1950,53,0.002706,6.129705
1950,54,0.001323,6.129705
1951,10,0.00035,6.172256
1951,11,0.004549,6.172256
1951,12,0.021245,6.172256
1951,13,0.080793,6.172256
1951,14,0.206482,6.172256
1951,15,0.438957,6.172256
1951,16,0.84795,6.172256
1951,17,1.500632,6.172256
1951,18,2.372221,6.172256
1951,19,3.272686,6.172256
1951,20,4.117502,6.172256
1951,21,4.692917,6.172256
1951,22,4.977964,6.172256
1951,23,5.067115,6.172256
1951,24,5.002829,6.172256
1951,25,4.873802,6.172256
1951,26,4.723477,6.172256
1951,27,4.614145,6.172256
1951,28,4.552612,6.172256
1951,29,4.502789,6.172256
1951,30,4.451582,6.172256
1951,31,4.366064,6.172256
1951,32,4.243318,6.172256
1951,33,4.091953,6.172256
1951,34,3.909379,6.172256
1951,35,3.679821,6.172256
1951,36,3.394748,6.172256
1951,37,3.07986,6.172256
1951,38,2.741008,6.172256
1951,39,2.382733,6.172256
1951,40,2.001195,6.172256
1951,41,1.626848,6.172256
1951,42,1.261443,6.172256
1951,43,0.94061,6.172256
1951,44,0.673718,6.172256
1951,45,0.465343,6.172256
1951,46,0.316211,6.172256
1951,47,0.2122,6.172256
1951,48,0.144608,6.172256
1951,49,0.087809,6.172256
1951,50,0.039156,6.172256
1951,51,0.011248,6.172256
1951,52,0.004106,6.172256
1951,53,0.002702,6.172256
1951,54,0.001321,6.172256
1952,10,0.000351,6.212185
1952,11,0.004566,6.212185
1952,12,0.021288,6.212185
1952,13,0.080822,6.212185
1952,14,0.206427,6.212185
1952,15,0.438722,6.212185
1952,16,0.847333,6.212185
1952,17,1.499311,6.212185
1952,18,2.369943,6.212185
1952,19,3.269636,6.212185
1952,20,4.114024,6.212185
1952,21,4.689656,6.212185
1952,22,4.975506,6.212185
1952,23,5.065514,6.212185
1952,24,5.001981,6.212185
1952,25,4.873451,6.212185
1952,26,4.723315,6.212185
1952,27,4.614013,6.212185
1952,28,4.552404,6.212185
1952,29,4.502501,6.212185
1952,30,4.451195,6.212185
1952,31,4.365782,6.212185
1952,32,4.243323,6.212185
1952,33,4.092491,6.212185
1952,34,3.910627,6.212185
1952,35,3.681723,6.212185
1952,36,3.396906,6.212185
1952,37,3.082095,6.212185
1952,38,2.743151,6.212185
1952,39,2.384594,6.212185
1952,40,2.002416,6.212185
1952,41,1.627775,6.212185
1952,42,1.26221,6.212185
1952,43,0.941323,6.212185
1952,44,0.67446,6.212185
1952,45,0.466381,6.212185
1952,46,0.317187,6.212185
1952,47,0.213087,6.212185
1952,48,0.14536,6.212185
1952,49,0.088334,6.212185
1952,50,0.039374,6.212185
1952,51,0.011302,6.212185
1952,52,0.004117,6.212185
1952,53,0.002702,6.212185
1952,54,0.00132,6.212185
1953,10,0.000356,6.261804
1953,11,0.004627,6.261804
1953,12,0.021462,6.261804
1953,13,0.081089,6.261804
1953,14,0.206736,6.261804
1953,15,0.438697,6.261804
1953,16,0.846873,6.261804
1953,17,1.49801,6.261804
1953,18,2.36749,6.261804
1953,19,3.266319,6.261804
1953,20,4.110317,6.261804
1953,21,4.686233,6.261804
1953,22,4.972964,6.261804
1953,23,5.063871,6.261804
1953,24,5.00109,6.261804
1953,25,4.873035,6.261804
1953,26,4.723058,6.261804
1953,27,4.613762,6.261804
1953,28,4.552067,6.261804
1953,29,4.502092,6.261804
1953,30,4.450714,6.261804
1953,31,4.365436,6.261804
1953,32,4.243291,6.261804
1953,33,4.093019,6.261804
1953,34,3.911892,6.261804
1953,35,3.683664,6.261804
1953,36,3.399113,6.261804
1953,37,3.08438,6.261804
1953,38,2.745341,6.261804
1953,39,2.386497,6.261804
1953,40,2.003668,6.261804
1953,41,1.628729,6.261804
1953,42,1.263002,6.261804
1953,43,0.942063,6.261804
1953,44,0.675233,6.261804
1953,45,0.467454,6.261804
1953,46,0.318201,6.261804
1953,47,0.214012,6.261804
1953,48,0.146142,6.261804
1953,49,0.088879,6.261804
1953,50,0.039602,6.261804
1953,51,0.011361,6.261804
1953,52,0.004131,6.261804
1953,53,0.002705,6.261804
1953,54,0.001321,6.261804
1954,10,0.000365,6.302606
1954,11,0.004743,6.302606
1954,12,0.021803,6.302606
1954,13,0.081658,6.302606
1954,14,0.207505,6.302606
1954,15,0.43894,6.302606
1954,16,0.846612,6.302606
1954,17,1.496738,6.302606
1954,18,2.36483,6.302606
1954,19,3.262687,6.302606
1954,20,4.106354,6.302606
1954,21,4.682644,6.302606
1954,22,4.970348,6.302606
1954,23,5.062201,6.302606
1954,24,5.000168,6.302606
1954,25,4.872558,6.302606
1954,26,4.7227,6.302606
1954,27,4.61338,6.302606
1954,28,4.551582,6.302606
1954,29,4.501547,6.302606
1954,30,4.450128,6.302606
1954,31,4.365015,6.302606
1954,32,4.243209,6.302606
1954,33,4.093524,6.302606
1954,34,3.913158,6.302606
1954,35,3.685626,6.302606
1954,36,3.40135,6.302606
1954,37,3.086696,6.302606
1954,38,2.747557,6.302606
1954,39,2.388422,6.302606
1954,40,2.004937,6.302606
1954,41,1.6297,6.302606
1954,42,1.263812,6.302606
1954,43,0.942824,6.302606
1954,44,0.676034,6.302606
1954,45,0.468557,6.302606
1954,46,0.319256,6.302606
1954,47,0.214976,6.302606
1954,48,0.146955,6.302606
1954,49,0.089446,6.302606
1954,50,0.039843,6.302606
1954,51,0.011425,6.302606
1954,52,0.004149,6.302606
1954,53,0.002712,6.302606
1954,54,0.001324,6.302606
1955,10,0.000377,6.324354
1955,11,0.004903,6.324354
1955,12,0.022274,6.324354
1955,13,0.08246,6.324354
1955,14,0.208627,6.324354
1955,15,0.43939,6.324354
1955,16,0.846508,6.324354
1955,17,1.495489,6.324354
1955,18,2.362006,6.324354
1955,19,3.258803,6.324354
1955,20,4.102177,6.324354
1955,21,4.678905,6.324354
1955,22,4.967655,6.324354
1955,23,5.060491,6.324354
1955,24,4.999204,6.324354
1955,25,4.872015,6.324354
1955,26,4.722245,6.324354
1955,27,4.61288,6.324354
1955,28,4.55097,6.324354
1955,29,4.500882,6.324354
1955,30,4.44945,6.324354
1955,31,4.36453,6.324354
1955,32,4.243089,6.324354
1955,33,4.094015,6.324354
1955,34,3.914437,6.324354
1955,35,3.68762,6.324354
1955,36,3.403628,6.324354
1955,37,3.089056,6.324354
1955,38,2.749812,6.324354
1955,39,2.390382,6.324354
1955,40,2.00623,6.324354
1955,41,1.630694,6.324354
1955,42,1.264645,6.324354
1955,43,0.943611,6.324354
1955,44,0.676866,6.324354
1955,45,0.469697,6.324354
1955,46,0.320352,6.324354
1955,47,0.215981,6.324354
1955,48,0.147802,6.324354
1955,49,0.090036,6.324354
1955,50,0.040095,6.324354
1955,51,0.011495,6.324354
1955,52,0.004169,6.324354
1955,53,0.002721,6.324354
1955,54,0.001328,6.324354
1956,10,0.000388,6.342691
1956,11,0.005045,6.342691
1956,12,0.022693,6.342691
1956,13,0.083171,6.342691
1956,14,0.209611,6.342691
1956,15,0.439777,6.342691
1956,16,0.846368,6.342691
1956,17,1.494247,6.342691
1956,18,2.359235,6.342691
1956,19,3.25497,6.342691
1956,20,4.097996,6.342691
1956,21,4.675113,6.342691
1956,22,4.964875,6.342691
1956,23,5.058681,6.342691
1956,24,4.998142,6.342691
1956,25,4.871389,6.342691
1956,26,4.721723,6.342691
1956,27,4.612326,6.342691
1956,28,4.550318,6.342691
1956,29,4.500188,6.342691
1956,30,4.448747,6.342691
1956,31,4.364031,6.342691
1956,32,4.242972,6.342691
1956,33,4.094533,6.342691
1956,34,3.915768,6.342691
1956,35,3.68969,6.342691
1956,36,3.405994,6.342691
1956,37,3.091508,6.342691
1956,38,2.752159,6.342691
1956,39,2.392425,6.342691
1956,40,2.007582,6.342691
1956,41,1.631736,6.342691
1956,42,1.26552,6.342691
1956,43,0.944437,6.342691
1956,44,0.677736,6.342691
1956,45,0.470888,6.342691
1956,46,0.321493,6.342691
1956,47,0.217025,6.342691
1956,48,0.148682,6.342691
1956,49,0.090648,6.342691
1956,50,0.040356,6.342691
1956,51,0.011565,6.342691
1956,52,0.004189,6.342691
1956,53,0.002729,6.342691
1956,54,0.001331,6.342691
1957,10,0.000394,6.364463
1957,11,0.005124,6.364463
1957,12,0.022951,6.364463
1957,13,0.083749,6.364463
1957,14,0.210664,6.364463
1957,15,0.441179,6.364463
1957,16,0.84819,6.364463
1957,17,1.49559,6.364463
1957,18,2.359161,6.364463
1957,19,3.253189,6.364463
1957,20,4.094563,6.364463
1957,21,4.671011,6.364463
1957,22,4.961132,6.364463
1957,23,5.055632,6.364463
1957,24,4.995901,6.364463
1957,25,4.869801,6.364463
1957,26,4.720513,6.364463
1957,27,4.611288,6.364463
1957,28,4.549286,6.364463
1957,29,4.499127,6.364463
1957,30,4.447608,6.364463
1957,31,4.363053,6.364463
1957,32,4.242366,6.364463
1957,33,4.094572,6.364463
1957,34,3.916652,6.364463
1957,35,3.691371,6.364463
1957,36,3.408028,6.364463
1957,37,3.093693,6.364463
1957,38,2.754303,6.364463
1957,39,2.394304,6.364463
1957,40,2.008774,6.364463
1957,41,1.63264,6.364463
1957,42,1.266286,6.364463
1957,43,0.945185,6.364463
1957,44,0.678559,6.364463
1957,45,0.472076,6.364463
1957,46,0.322654,6.364463
1957,47,0.218096,6.364463
1957,48,0.149576,6.364463
1957,49,0.091259,6.364463
1957,50,0.040598,6.364463
1957,51,0.011616,6.364463
1957,52,0.004204,6.364463
1957,53,0.002741,6.364463
1957,54,0.001338,6.364463
1958,10,0.000409,6.375554
1958,11,0.005314,6.375554
1958,12,0.023541,6.375554
1958,13,0.084923,6.375554
1958,14,0.212614,6.375554
1958,15,0.44309,6.375554
1958,16,0.85038,6.375554
1958,17,1.496966,6.375554
1958,18,2.358666,6.375554
1958,19,3.250798,6.375554
1958,20,4.09066,6.375554
1958,21,4.666632,6.375554
1958,22,4.957307,6.375554
1958,23,5.052603,6.375554
1958,24,4.993674,6.375554
1958,25,4.868167,6.375554
1958,26,4.719178,6.375554
1958,27,4.61006,6.375554
1958,28,4.548025,6.375554
1958,29,4.497845,6.375554
1958,30,4.446299,6.375554
1958,31,4.361953,6.375554
1958,32,4.241674,6.375554
1958,33,4.094558,6.375554
1958,34,3.91751,6.375554
1958,35,3.693047,6.375554
1958,36,3.410066,6.375554
1958,37,3.095881,6.375554
1958,38,2.756442,6.375554
1958,39,2.396176,6.375554
1958,40,2.00996,6.375554
1958,41,1.633543,6.375554
1958,42,1.267059,6.375554
1958,43,0.945948,6.375554
1958,44,0.679409,6.375554
1958,45,0.473288,6.375554
1958,46,0.323858,6.375554
1958,47,0.219213,6.375554
1958,48,0.150506,6.375554
1958,49,0.091893,6.375554
1958,50,0.040855,6.375554
1958,51,0.011677,6.375554
1958,52,0.004226,6.375554
1958,53,0.00276,6.375554
1958,54,0.001347,6.375554
1959,10,0.000425,6.400147
1959,11,0.005526,6.400147
1959,12,0.024196,6.400147
1959,13,0.086213,6.400147
1959,14,0.214738,6.400147
1959,15,0.445113,6.400147
1959,16,0.852662,6.400147
1959,17,1.498372,6.400147
1959,18,2.358108,6.400147
1959,19,3.248295,6.400147
1959,20,4.086655,6.400147
1959,21,4.662173,6.400147
1959,22,4.953426,6.400147
1959,23,5.049525,6.400147
1959,24,4.991389,6.400147
1959,25,4.86646,6.400147
1959,26,4.717754,6.400147
1959,27,4.608734,6.400147
1959,28,4.546667,6.400147
1959,29,4.496477,6.400147
1959,30,4.444924,6.400147
1959,31,4.360807,6.400147
1959,32,4.240954,6.400147
1959,33,4.094536,6.400147
1959,34,3.918379,6.400147
1959,35,3.694749,6.400147
1959,36,3.412137,6.400147
1959,37,3.098104,6.400147
1959,38,2.758613,6.400147
1959,39,2.398076,6.400147
1959,40,2.011164,6.400147
1959,41,1.634464,6.400147
1959,42,1.267851,6.400147
1959,43,0.946736,6.400147
1959,44,0.68029,6.400147
1959,45,0.474544,6.400147
1959,46,0.325109,6.400147
1959,47,0.220375,6.400147
1959,48,0.151473,6.400147
1959,49,0.092553,6.400147
1959,50,0.041125,6.400147
1959,51,0.011742,6.400147
1959,52,0.00425,6.400147
1959,53,0.002781,6.400147
1959,54,0.001358,6.400147
1960,10,0.000439,6.441212
1960,11,0.005713,6.441212
1960,12,0.024779,6.441212
1960,13,0.087375,6.441212
1960,14,0.216669,6.441212
1960,15,0.447046,6.441212
1960,16,0.854891,6.441212
1960,17,1.499794,6.441212
1960,18,2.357648,6.441212
1960,19,3.245906,6.441212
1960,20,4.082702,6.441212
1960,21,4.657703,6.441212
1960,22,4.94948,6.441212
1960,23,5.046353,6.441212
1960,24,4.989007,6.441212
1960,25,4.864667,6.441212
1960,26,4.716262,6.441212
1960,27,4.60736,6.441212
1960,28,4.545277,6.441212
1960,29,4.495089,6.441212
1960,30,4.443533,6.441212
1960,31,4.359653,6.441212
1960,32,4.240239,6.441212
1960,33,4.094535,6.441212
1960,34,3.91929,6.441212
1960,35,3.696513,6.441212
1960,36,3.414279,6.441212
1960,37,3.100401,6.441212
1960,38,2.760857,6.441212
1960,39,2.400042,6.441212
1960,40,2.012413,6.441212
1960,41,1.635423,6.441212
1960,42,1.268678,6.441212
1960,43,0.947559,6.441212
1960,44,0.68121,6.441212
1960,45,0.475855,6.441212
1960,46,0.326409,6.441212
1960,47,0.221581,6.441212
1960,48,0.152479,6.441212
1960,49,0.09324,6.441212
1960,50,0.041405,6.441212
1960,51,0.011809,6.441212
1960,52,0.004272,6.441212
1960,53,0.002799,6.441212
1960,54,0.001367,6.441212
1961,10,0.000453,6.477385
1961,11,0.005889,6.477385
1961,12,0.025324,6.477385
1961,13,0.088471,6.477385
1961,14,0.2185,6.477385
1961,15,0.448934,6.477385
1961,16,0.857095,6.477385
1961,17,1.501214,6.477385
1961,18,2.357209,6.477385
1961,19,3.243526,6.477385
1961,20,4.07871,6.477385
1961,21,4.653155,6.477385
1961,22,4.945435,6.477385
1961,23,5.043077,6.477385
1961,24,4.986529,6.477385
1961,25,4.862792,6.477385
1961,26,4.714701,6.477385
1961,27,4.605927,6.477385
1961,28,4.543841,6.477385
1961,29,4.493662,6.477385
1961,30,4.442109,6.477385
1961,31,4.35848,6.477385
1961,32,4.239524,6.477385
1961,33,4.09456,6.477385
1961,34,3.920257,6.477385
1961,35,3.69836,6.477385
1961,36,3.416516,6.477385
1961,37,3.102798,6.477385
1961,38,2.7632,6.477385
1961,39,2.402096,6.477385
1961,40,2.013727,6.477385
1961,41,1.636434,6.477385
1961,42,1.269549,6.477385
1961,43,0.948424,6.477385
1961,44,0.682172,6.477385
1961,45,0.477222,6.477385
1961,46,0.327759,6.477385
1961,47,0.222832,6.477385
1961,48,0.153523,6.477385
1961,49,0.093954,6.477385
1961,50,0.041695,6.477385
1961,51,0.011877,6.477385
1961,52,0.004295,6.477385
1961,53,0.002817,6.477385
1961,54,0.001376,6.477385
1962,10,0.000466,6.415205
1962,11,0.006055,6.415205
1962,12,0.02596,6.415205
1962,13,0.09038,6.415205
1962,14,0.222647,6.415205
1962,15,0.456555,6.415205
1962,16,0.868756,6.415205
1962,17,1.513875,6.415205
1962,18,2.367253,6.415205
1962,19,3.248374,6.415205
1962,20,4.076861,6.415205
1962,21,4.647544,6.415205
1962,22,4.939484,6.415205
1962,23,5.038489,6.415205
1962,24,4.984284,6.415205
1962,25,4.862536,6.415205
1962,26,4.715425,6.415205
1962,27,4.606542,6.415205
1962,28,4.543336,6.415205
1962,29,4.491597,6.415205
1962,30,4.438039,6.415205
1962,31,4.353142,6.415205
1962,32,4.233618,6.415205
1962,33,4.089215,6.415205
1962,34,3.916406,6.415205
1962,35,3.696211,6.415205
1962,36,3.414878,6.415205
1962,37,3.101314,6.415205
1962,38,2.761536,6.415205
1962,39,2.399778,6.415205
1962,40,2.009487,6.415205
1962,41,1.632189,6.415205
1962,42,1.266177,6.415205
1962,43,0.946442,6.415205
1962,44,0.681902,6.415205
1962,45,0.479722,6.415205
1962,46,0.331052,6.415205
1962,47,0.226375,6.415205
1962,48,0.156706,6.415205
1962,49,0.096206,6.415205
1962,50,0.042561,6.415205
1962,51,0.012045,6.415205
1962,52,0.004335,6.415205
1962,53,0.00285,6.415205
1962,54,0.001393,6.415205
1963,10,0.00047,6.349929
1963,11,0.00611,6.349929
1963,12,0.026266,6.349929
1963,13,0.091715,6.349929
1963,14,0.225968,6.349929
1963,15,0.463756,6.349929
1963,16,0.88023,6.349929
1963,17,1.526712,6.349929
1963,18,2.377877,6.349929
1963,19,3.253873,6.349929
1963,20,4.075367,6.349929
1963,21,4.642012,6.349929
1963,22,4.933424,6.349929
1963,23,5.03374,6.349929
1963,24,4.981952,6.349929
1963,25,4.862316,6.349929
1963,26,4.716315,6.349929
1963,27,4.607418,6.349929
1963,28,4.543142,6.349929
1963,29,4.489825,6.349929
1963,30,4.434193,6.349929
1963,31,4.347981,6.349929
1963,32,4.227872,6.349929
1963,33,4.084003,6.349929
1963,34,3.912652,6.349929
1963,35,3.694126,6.349929
1963,36,3.413326,6.349929
1963,37,3.099959,6.349929
1963,38,2.760055,6.349929
1963,39,2.39768,6.349929
1963,40,2.005535,6.349929
1963,41,1.628184,6.349929
1963,42,1.262947,6.349929
1963,43,0.944465,6.349929
1963,44,0.681478,6.349929
1963,45,0.481839,6.349929
1963,46,0.333914,6.349929
1963,47,0.229486,6.349929
1963,48,0.15951,6.349929
1963,49,0.098184,6.349929
1963,50,0.043298,6.349929
1963,51,0.012171,6.349929
1963,52,0.004364,6.349929
1963,53,0.002882,6.349929
1963,54,0.00141,6.349929
1964,10,0.000466,6.288886
1964,11,0.006056,6.288886
1964,12,0.026246,6.288886
1964,13,0.092481,6.288886
1964,14,0.228472,6.288886
1964,15,0.470557,6.288886
1964,16,0.89155,6.288886
1964,17,1.539783,6.288886
1964,18,2.389167,6.288886
1964,19,3.260133,6.288886
1964,20,4.074349,6.288886
1964,21,4.636672,6.288886
1964,22,4.927337,6.288886
1964,23,5.028878,6.288886
1964,24,4.979555,6.288886
1964,25,4.862136,6.288886
1964,26,4.717366,6.288886
1964,27,4.608553,6.288886
1964,28,4.543258,6.288886
1964,29,4.488352,6.288886
1964,30,4.430583,6.288886
1964,31,4.343005,6.288886
1964,32,4.222284,6.288886
1964,33,4.078905,6.288886
1964,34,3.908952,6.288886
1964,35,3.69204,6.288886
1964,36,3.411783,6.288886
1964,37,3.098648,6.288886
1964,38,2.758671,6.288886
1964,39,2.395721,6.288886
1964,40,2.001807,6.288886
1964,41,1.624367,6.288886
1964,42,1.259817,6.288886
1964,43,0.942462,6.288886
1964,44,0.680875,6.288886
1964,45,0.483555,6.288886
1964,46,0.336329,6.288886
1964,47,0.232153,6.288886
1964,48,0.161923,6.288886
1964,49,0.099879,6.288886
1964,50,0.043902,6.288886
1964,51,0.012253,6.288886
1964,52,0.00438,6.288886
1964,53,0.002912,6.288886
1964,54,0.001426,6.288886
1965,10,0.000452,6.261582
1965,11,0.00588,6.261582
1965,12,0.025865,6.261582
1965,13,0.092613,6.261582
1965,14,0.230049,6.261582
1965,15,0.47689,6.261582
1965,16,0.902659,6.261582
1965,17,1.553045,6.261582
1965,18,2.401103,6.261582
1965,19,3.267127,6.261582
1965,20,4.073744,6.261582
1965,21,4.631444,6.261582
1965,22,4.92115,6.261582
1965,23,5.023855,6.261582
1965,24,4.977073,6.261582
1965,25,4.862,6.261582
1965,26,4.718601,6.261582
1965,27,4.609976,6.261582
1965,28,4.543721,6.261582
1965,29,4.487207,6.261582
1965,30,4.42723,6.261582
1965,31,4.338234,6.261582
1965,32,4.21688,6.261582
1965,33,4.073963,6.261582
1965,34,3.905369,6.261582
1965,35,3.690036,6.261582
1965,36,3.410338,6.261582
1965,37,3.097472,6.261582
1965,38,2.757469,6.261582
1965,39,2.393974,6.261582
1965,40,1.998347,6.261582
1965,41,1.620763,6.261582
1965,42,1.256799,6.261582
1965,43,0.940434,6.261582
1965,44,0.680088,6.261582
1965,45,0.484865,6.261582
1965,46,0.338286,6.261582
1965,47,0.234362,6.261582
1965,48,0.163934,6.261582
1965,49,0.101282,6.261582
1965,50,0.044367,6.261582
1965,51,0.01229,6.261582
1965,52,0.004383,6.261582
1965,53,0.00294,6.261582
1965,54,0.001442,6.261582
1966,10,0.000446,6.224669
1966,11,0.005802,6.224669
1966,12,0.025776,6.224669
1966,13,0.093269,6.224669
1966,14,0.232431,6.224669
1966,15,0.483686,6.224669
1966,16,0.914172,6.224669
1966,17,1.566425,6.224669
1966,18,2.412686,6.224669
1966,19,3.273471,6.224669
1966,20,4.072459,6.224669
1966,21,4.625666,6.224669
1966,22,4.914673,6.224669
1966,23,5.018757,6.224669
1966,24,4.974652,6.224669
1966,25,4.861982,6.224669
1966,26,4.71995,6.224669
1966,27,4.611488,6.224669
1966,28,4.544234,6.224669
1966,29,4.486086,6.224669
1966,30,4.42389,6.224669
1966,31,4.333488,6.224669
1966,32,4.21154,6.224669
1966,33,4.069118,6.224669
1966,34,3.901911,6.224669
1966,35,3.688167,6.224669
1966,36,3.40906,6.224669
1966,37,3.096495,6.224669
1966,38,2.756496,6.224669
1966,39,2.392471,6.224669
1966,40,1.995174,6.224669
1966,41,1.617381,6.224669
1966,42,1.253892,6.224669
1966,43,0.938371,6.224669
1966,44,0.679103,6.224669
1966,45,0.485724,6.224669
1966,46,0.339772,6.224669
1966,47,0.236108,6.224669
1966,48,0.165526,6.224669
1966,49,0.10238,6.224669
1966,50,0.044701,6.224669
1966,51,0.012291,6.224669
1966,52,0.004384,6.224669
1966,53,0.002981,6.224669
1966,54,0.001466,6.224669
1967,10,0.000478,6.112124
1967,11,0.006208,6.112124
1967,12,0.027009,6.112124
1967,13,0.095576,6.112124
1967,14,0.236043,6.112124
1967,15,0.487137,6.112124
1967,16,0.917923,6.112124
1967,17,1.568429,6.112124
1967,18,2.411063,6.112124
1967,19,3.268659,6.112124
1967,20,4.065807,6.112124
1967,21,4.620342,6.112124
1967,22,4.913651,6.112124
1967,23,5.02243,6.112124
1967,24,4.982494,6.112124
1967,25,4.87214,6.112124
1967,26,4.730083,6.112124
1967,27,4.619956,6.112124
1967,28,4.549732,6.112124
1967,29,4.488199,6.112124
1967,30,4.422228,6.112124
1967,31,4.329155,6.112124
1967,32,4.205612,6.112124
1967,33,4.063371,6.112124
1967,34,3.897824,6.112124
1967,35,3.685996,6.112124
1967,36,3.407121,6.112124
1967,37,3.094328,6.112124
1967,38,2.753696,6.112124
1967,39,2.388449,6.112124
1967,40,1.988302,6.112124
1967,41,1.610342,6.112124
1967,42,1.247964,6.112124
1967,43,0.934273,6.112124
1967,44,0.677278,6.112124
1967,45,0.487482,6.112124
1967,46,0.342735,6.112124
1967,47,0.239629,6.112124
1967,48,0.168876,6.112124
1967,49,0.10485,6.112124
1967,50,0.045685,6.112124
1967,51,0.012529,6.112124
1967,52,0.004442,6.112124
1967,53,0.003001,6.112124
1967,54,0.001474,6.112124
1968,10,0.000507,5.983961
1968,11,0.006596,5.983961
1968,12,0.02824,5.983961
1968,13,0.098163,5.983961
1968,14,0.240562,5.983961
1968,15,0.493314,5.983961
1968,16,0.92625,5.983961
1968,17,1.575659,5.983961
1968,18,2.413809,5.983961
1968,19,3.266091,5.983961
1968,20,4.058498,5.983961
1968,21,4.613243,5.983961
1968,22,4.911742,5.983961
1968,23,5.02706,5.983961
1968,24,4.9936,5.983961
1968,25,4.887294,5.983961
1968,26,4.745904,5.983961
1968,27,4.63377,5.983961
1968,28,4.559274,5.983961
1968,29,4.492539,5.983961
1968,30,4.42051,5.983961
1968,31,4.322935,5.983961
1968,32,4.19645,5.983961
1968,33,4.05389,5.983961
1968,34,3.890246,5.983961
1968,35,3.680822,5.983961
1968,36,3.402055,5.983961
1968,37,3.088839,5.983961
1968,38,2.747318,5.983961
1968,39,2.380391,5.983961
1968,40,1.976262,5.983961
1968,41,1.598295,5.983961
1968,42,1.237836,5.983961
1968,43,0.927112,5.983961
1968,44,0.673713,5.983961
1968,45,0.489385,5.983961
1968,46,0.346613,5.983961
1968,47,0.244473,5.983961
1968,48,0.173559,5.983961
1968,49,0.108313,5.983961
1968,50,0.047022,5.983961
1968,51,0.012825,5.983961
1968,52,0.004508,5.983961
1968,53,0.003028,5.983961
1968,54,0.001486,5.983961
1969,10,0.000548,5.847996
1969,11,0.007123,5.847996
1969,12,0.029842,5.847996
1969,13,0.101165,5.847996
1969,14,0.245332,5.847996
1969,15,0.497576,5.847996
1969,16,0.931117,5.847996
1969,17,1.578594,5.847996
1969,18,2.412417,5.847996
1969,19,3.260728,5.847996
1969,20,4.050649,5.847996
1969,21,4.606644,5.847996
1969,22,4.909949,5.847996
1969,23,5.030628,5.847996
1969,24,5.002024,5.847996
1969,25,4.898563,5.847996
1969,26,4.757491,5.847996
1969,27,4.643876,5.847996
1969,28,4.566435,5.847996
1969,29,4.496173,5.847996
1969,30,4.420121,5.847996
1969,31,4.319658,5.847996
1969,32,4.191432,5.847996
1969,33,4.048873,5.847996
1969,34,3.886674,5.847996
1969,35,3.678906,5.847996
1969,36,3.400268,5.847996
1969,37,3.086802,5.847996
1969,38,2.744685,5.847996
1969,39,2.376532,5.847996
1969,40,1.969709,5.847996
1969,41,1.591306,5.847996
1969,42,1.231533,5.847996
1969,43,0.922079,5.847996
1969,44,0.670322,5.847996
1969,45,0.488569,5.847996
1969,46,0.346961,5.847996
1969,47,0.245496,5.847996
1969,48,0.174713,5.847996
1969,49,0.109195,5.847996
1969,50,0.047295,5.847996
1969,51,0.012856,5.847996
1969,52,0.004537,5.847996
1969,53,0.003088,5.847996
1969,54,0.001519,5.847996
1970,10,0.000579,5.706355
1970,11,0.007525,5.706355
1970,12,0.031123,5.706355
1970,13,0.103887,5.706355
1970,14,0.250196,5.706355
1970,15,0.50422,5.706355
1970,16,0.940461,5.706355
1970,17,1.587032,5.706355
1970,18,2.416087,5.706355
1970,19,3.258361,5.706355
1970,20,4.042559,5.706355
1970,21,4.598355,5.706355
1970,22,4.907108,5.706355
1970,23,5.034917,5.706355
1970,24,5.013574,5.706355
1970,25,4.914883,5.706355
1970,26,4.77505,5.706355
1970,27,4.659823,5.706355
1970,28,4.578306,5.706355
1970,29,4.50278,5.706355
1970,30,4.420393,5.706355
1970,31,4.315127,5.706355
1970,32,4.183679,5.706355
1970,33,4.040506,5.706355
1970,34,3.879898,5.706355
1970,35,3.674165,5.706355
1970,36,3.39534,5.706355
1970,37,3.081249,5.706355
1970,38,2.738118,5.706355
1970,39,2.368116,5.706355
1970,40,1.957245,5.706355
1970,41,1.57853,5.706355
1970,42,1.22032,5.706355
1970,43,0.913407,5.706355
1970,44,0.664788,5.706355
1970,45,0.487747,5.706355
1970,46,0.348177,5.706355
1970,47,0.247866,5.706355
1970,48,0.177256,5.706355
1970,49,0.111121,5.706355
1970,50,0.047925,5.706355
1970,51,0.012936,5.706355
1970,52,0.004567,5.706355
1970,53,0.003149,5.706355
1970,54,0.001552,5.706355
1971,10,0.000598,5.55393
1971,11,0.00777,5.55393
1971,12,0.031935,5.55393
1971,13,0.105779,5.55393
1971,14,0.25386,5.55393
1971,15,0.510123,5.55393
1971,16,0.949458,5.55393
1971,17,1.595893,5.55393
1971,18,2.421174,5.55393
1971,19,3.257896,5.55393
1971,20,4.036216,5.55393
1971,21,4.591436,5.55393
1971,22,4.905151,5.55393
1971,23,5.039772,5.55393
1971,24,5.025595,5.55393
1971,25,4.931761,5.55393
1971,26,4.793414,5.55393
1971,27,4.676887,5.55393
1971,28,4.591613,5.55393
1971,29,4.510995,5.55393
1971,30,4.422307,5.55393
1971,31,4.312124,5.55393
1971,32,4.17723,5.55393
1971,33,4.033072,5.55393
1971,34,3.873563,5.55393
1971,35,3.669341,5.55393
1971,36,3.389977,5.55393
1971,37,3.07503,5.55393
1971,38,2.730771,5.55393
1971,39,2.358856,5.55393
1971,40,1.944061,5.55393
1971,41,1.564936,5.55393
1971,42,1.208142,5.55393
1971,43,0.903564,5.55393
1971,44,0.657844,5.55393
1971,45,0.485063,5.55393
1971,46,0.347563,5.55393
1971,47,0.248536,5.55393
1971,48,0.178345,5.55393
1971,49,0.112013,5.55393
1971,50,0.048086,5.55393
1971,51,0.012873,5.55393
1971,52,0.004564,5.55393
1971,53,0.003216,5.55393
1971,54,0.001592,5.55393
1972,10,0.000631,5.374047
1972,11,0.008202,5.374047
1972,12,0.03305,5.374047
1972,13,0.106776,5.374047
1972,14,0.253688,5.374047
1972,15,0.505802,5.374047
1972,16,0.940692,5.374047
1972,17,1.583074,5.374047
1972,18,2.405634,5.374047
1972,19,3.243452,5.374047
1972,20,4.027031,5.374047
1972,21,4.590756,5.374047
1972,22,4.915266,5.374047
1972,23,5.05978,5.374047
1972,24,5.053429,5.374047
1972,25,4.963592,5.374047
1972,26,4.824919,5.374047
1972,27,4.705313,5.374047
1972,28,4.614775,5.374047
1972,29,4.527816,5.374047
1972,30,4.431686,5.374047
1972,31,4.315067,5.374047
1972,32,4.174841,5.374047
1972,33,4.028159,5.374047
1972,34,3.868578,5.374047
1972,35,3.664659,5.374047
1972,36,3.382963,5.374047
1972,37,3.065426,5.374047
1972,38,2.718482,5.374047
1972,39,2.343406,5.374047
1972,40,1.923281,5.374047
1972,41,1.543985,5.374047
1972,42,1.189745,5.374047
1972,43,0.889172,5.374047
1972,44,0.648327,5.374047
1972,45,0.482387,5.374047
1972,46,0.347965,5.374047
1972,47,0.25086,5.374047
1972,48,0.181323,5.374047
1972,49,0.1145,5.374047
1972,50,0.049022,5.374047
1972,51,0.013111,5.374047
1972,52,0.004603,5.374047
1972,53,0.003196,5.374047
1972,54,0.001578,5.374047
1973,10,0.00065,5.198723
1973,11,0.008456,5.198723
1973,12,0.033515,5.198723
1973,13,0.105945,5.198723
1973,14,0.249694,5.198723
1973,15,0.494681,5.198723
1973,16,0.921833,5.198723
1973,17,1.559804,5.198723
1973,18,2.382657,5.198723
1973,19,3.226649,5.198723
1973,20,4.021547,5.198723
1973,21,4.596744,5.198723
1973,22,4.931536,5.198723
1973,23,5.083781,5.198723
1973,24,5.082214,5.198723
1973,25,4.99388,5.198723
1973,26,4.853633,5.198723
1973,27,4.731057,5.198723
1973,28,4.636617,5.198723
1973,29,4.545215,5.198723
1973,30,4.444054,5.198723
1973,31,4.322701,5.198723
1973,32,4.178161,5.198723
1973,33,4.028759,5.198723
1973,34,3.867872,5.198723
1973,35,3.662717,5.198723
1973,36,3.378292,5.198723
1973,37,3.058084,5.198723
1973,38,2.708661,5.198723
1973,39,2.331017,5.198723
1973,40,1.907394,5.198723
1973,41,1.527694,5.198723
1973,42,1.174853,5.198723
1973,43,0.876582,5.198723
1973,44,0.638585,5.198723
1973,45,0.476401,5.198723
1973,46,0.344094,5.198723
1973,47,0.248612,5.198723
1973,48,0.180167,5.198723
1973,49,0.114027,5.198723
1973,50,0.048781,5.198723
1973,51,0.013078,5.198723
1973,52,0.004585,5.198723
1973,53,0.003162,5.198723
1973,54,0.001559,5.198723
1974,10,0.000611,5.093822
1974,11,0.007945,5.093822
1974,12,0.031777,5.093822
1974,13,0.101677,5.093822
1974,14,0.241475,5.093822
1974,15,0.482704,5.093822
1974,16,0.904924,5.093822
1974,17,1.541376,5.093822
1974,18,2.366512,5.093822
1974,19,3.214616,5.093822
1974,20,4.014439,5.093822
1974,21,4.592936,5.093822
1974,22,4.929101,5.093822
1974,23,5.081974,5.093822
1974,24,5.080797,5.093822
1974,25,4.99357,5.093822
1974,26,4.855635,5.093822
1974,27,4.736739,5.093822
1974,28,4.647057,5.093822
1974,29,4.559969,5.093822
1974,30,4.462349,5.093822
1974,31,4.342794,5.093822
1974,32,4.198435,5.093822
1974,33,4.048053,5.093822
1974,34,3.885157,5.093822
1974,35,3.676934,5.093822
1974,36,3.388946,5.093822
1974,37,3.065416,5.093822
1974,38,2.71306,5.093822
1974,39,2.332622,5.093822
1974,40,1.906645,5.093822
1974,41,1.524738,5.093822
1974,42,1.170186,5.093822
1974,43,0.870548,5.093822
1974,44,0.631528,5.093822
1974,45,0.468033,5.093822
1974,46,0.335876,5.093822
1974,47,0.241046,5.093822
1974,48,0.173794,5.093822
1974,49,0.109558,5.093822
1974,50,0.04677,5.093822
1974,51,0.012481,5.093822
1974,52,0.004446,5.093822
1974,53,0.003176,5.093822
1974,54,0.001576,5.093822
1975,10,0.00055,5.018959
1975,11,0.007156,5.018959
1975,12,0.029211,5.018959
1975,13,0.09594,5.018959
1975,14,0.23108,5.018959
1975,15,0.469414,5.018959
1975,16,0.887092,5.018959
1975,17,1.52319,5.018959
1975,18,2.352363,5.018959
1975,19,3.205691,5.018959
1975,20,4.0106,5.018959
1975,21,4.591828,5.018959
1975,22,4.928215,5.018959
1975,23,5.080712,5.018959
1975,24,5.079255,5.018959
1975,25,4.99288,5.018959
1975,26,4.857412,5.018959
1975,27,4.742537,5.018959
1975,28,4.658055,5.018959
1975,29,4.575642,5.018959
1975,30,4.481835,5.018959
1975,31,4.364099,5.018959
1975,32,4.219717,5.018959
1975,33,4.067895,5.018959
1975,34,3.90234,5.018959
1975,35,3.690413,5.018959
1975,36,3.398528,5.018959
1975,37,3.0715,5.018959
1975,38,2.716184,5.018959
1975,39,2.333078,5.018959
1975,40,1.905153,5.018959
1975,41,1.521205,5.018959
1975,42,1.16503,5.018959
1975,43,0.864056,5.018959
1975,44,0.624001,5.018959
1975,45,0.459044,5.018959
1975,46,0.327029,5.018959
1975,47,0.232891,5.018959
1975,48,0.166934,5.018959
1975,49,0.104756,5.018959
1975,50,0.044614,5.018959
1975,51,0.011839,5.018959
1975,52,0.004285,5.018959
1975,53,0.003171,5.018959
1975,54,0.001582,5.018959
1976,10,0.000492,4.963872
1976,11,0.006394,4.963872
1976,12,0.026686,4.963872
1976,13,0.090064,4.963872
1976,14,0.220146,4.963872
1976,15,0.453928,4.963872
1976,16,0.865617,4.963872
1976,17,1.500338,4.963872
1976,18,2.333172,4.963872
1976,19,3.192262,4.963872
1976,20,4.003572,4.963872
1976,21,4.588252,4.963872
1976,22,4.924789,4.963872
1976,23,5.076133,4.963872
1976,24,5.073101,4.963872
1976,25,4.986449,4.963872
1976,26,4.852858,4.963872
1976,27,4.742162,4.963872
1976,28,4.663789,4.963872
1976,29,4.587446,4.963872
1976,30,4.499391,4.963872
1976,31,4.385502,4.963872
1976,32,4.243181,4.963872
1976,33,4.091375,4.963872
1976,34,3.923992,4.963872
1976,35,3.708894,4.963872
1976,36,3.414235,4.963872
1976,37,3.08473,4.963872
1976,38,2.727318,4.963872
1976,39,2.342265,4.963872
1976,40,1.913649,4.963872
1976,41,1.5269,4.963872
1976,42,1.167315,4.963872
1976,43,0.86264,4.963872
1976,44,0.618869,4.963872
1976,45,0.448947,4.963872
1976,46,0.315729,4.963872
1976,47,0.221592,4.963872
1976,48,0.156951,4.963872
1976,49,0.097639,4.963872
1976,50,0.041619,4.963872
1976,51,0.011048,4.963872
1976,52,0.004034,4.963872
1976,53,0.003025,4.963872
1976,54,0.001513,4.963872
1977,10,0.000443,4.957311
1977,11,0.005756,4.957311
1977,12,0.024564,4.957311
1977,13,0.085071,4.957311
1977,14,0.210832,4.957311
1977,15,0.43986,4.957311
1977,16,0.845914,4.957311
1977,17,1.478544,4.957311
1977,18,2.31324,4.957311
1977,19,3.176071,4.957311
1977,20,3.991918,4.957311
1977,21,4.578839,4.957311
1977,22,4.914995,4.957311
1977,23,5.064699,4.957311
1977,24,5.059565,4.957311
1977,25,4.972272,4.957311
1977,26,4.840489,4.957311
1977,27,4.734298,4.957311
1977,28,4.662765,4.957311
1977,29,4.593574,4.957311
1977,30,4.512768,4.957311
1977,31,4.404619,4.957311
1977,32,4.266588,4.957311
1977,33,4.116754,4.957311
1977,34,3.949151,4.957311
1977,35,3.732239,4.957311
1977,36,3.436311,4.957311
1977,37,3.105564,4.957311
1977,38,2.746961,4.957311
1977,39,2.360514,4.957311
1977,40,1.931821,4.957311
1977,41,1.541446,4.957311
1977,42,1.176826,4.957311
1977,43,0.866407,4.957311
1977,44,0.616673,4.957311
1977,45,0.438949,4.957311
1977,46,0.303405,4.957311
1977,47,0.208651,4.957311
1977,48,0.145225,4.957311
1977,49,0.089089,4.957311
1977,50,0.037878,4.957311
1977,51,0.009999,4.957311
1977,52,0.003875,4.957311
1977,53,0.003078,4.957311
1977,54,0.001501,4.957311
1978,10,0.000435,4.968591
1978,11,0.005653,4.968591
1978,12,0.023909,4.968591
1978,13,0.081961,4.968591
1978,14,0.203046,4.968591
1978,15,0.422465,4.968591
1978,16,0.81815,4.968591
1978,17,1.444938,4.968591
1978,18,2.279766,4.968591
1978,19,3.148678,4.968591
1978,20,3.975168,4.968591
1978,21,4.569458,4.968591
1978,22,4.908544,4.968591
1978,23,5.058027,4.968591
1978,24,5.050514,4.968591
1978,25,4.961508,4.968591
1978,26,4.83017,4.968591
1978,27,4.727447,4.968591
1978,28,4.662221,4.968591
1978,29,4.60021,4.968591
1978,30,4.527139,4.968591
1978,31,4.425074,4.968591
1978,32,4.291471,4.968591
1978,33,4.143765,4.968591
1978,34,3.976122,4.968591
1978,35,3.757468,4.968591
1978,36,3.46002,4.968591
1978,37,3.127633,4.968591
1978,38,2.767361,4.968591
1978,39,2.379159,4.968591
1978,40,1.949947,4.968591
1978,41,1.556023,4.968591
1978,42,1.186654,4.968591
1978,43,0.870965,4.968591
1978,44,0.615861,4.968591
1978,45,0.431142,4.968591
1978,46,0.293462,4.968591
1978,47,0.19809,4.968591
1978,48,0.135662,4.968591
1978,49,0.082158,4.968591
1978,50,0.034902,4.968591
1978,51,0.009224,4.968591
1978,52,0.003786,4.968591
1978,53,0.003143,4.968591
1978,54,0.001504,4.968591
1979,10,0.000403,4.965083
1979,11,0.005241,4.965083
1979,12,0.022686,4.965083
1979,13,0.079824,4.965083
1979,14,0.200127,4.965083
1979,15,0.420525,4.965083
1979,16,0.816946,4.965083
1979,17,1.441061,4.965083
1979,18,2.26917,4.965083
1979,19,3.128221,4.965083
1979,20,3.943258,4.965083
1979,21,4.531615,4.965083
1979,22,4.871065,4.965083
1979,23,5.024497,4.965083
1979,24,5.023603,4.965083
1979,25,4.942609,4.965083
1979,26,4.82009,4.965083
1979,27,4.726122,4.965083
1979,28,4.669132,4.965083
1979,29,4.613745,4.965083
1979,30,4.545582,4.965083
1979,31,4.447235,4.965083
1979,32,4.316323,4.965083
1979,33,4.170354,4.965083
1979,34,4.003445,4.965083
1979,35,3.784122,4.965083
1979,36,3.484964,4.965083
1979,37,3.150616,4.965083
1979,38,2.788203,4.965083
1979,39,2.397092,4.965083
1979,40,1.964715,4.965083
1979,41,1.566588,4.965083
1979,42,1.192796,4.965083
1979,43,0.872728,4.965083
1979,44,0.613536,4.965083
1979,45,0.424031,4.965083
1979,46,0.285147,4.965083
1979,47,0.189532,4.965083
1979,48,0.127854,4.965083
1979,49,0.076306,4.965083
1979,50,0.032032,4.965083
1979,51,0.008258,4.965083
1979,52,0.003714,4.965083
1979,53,0.003341,4.965083
1979,54,0.001547,4.965083
1980,10,0.000382,4.96438
1980,11,0.004966,4.96438
1980,12,0.021869,4.96438
1980,13,0.0784,4.96438
1980,14,0.198219,4.96438
1980,15,0.419283,4.96438
1980,16,0.816128,4.96438
1980,17,1.43703,4.96438
1980,18,2.257771,4.96438
1980,19,3.106721,4.96438
1980,20,3.910535,4.96438
1980,21,4.49319,4.96438
1980,22,4.833159,4.96438
1980,23,4.990573,4.96438
1980,24,4.996216,4.96438
1980,25,4.923128,4.96438
1980,26,4.809316,4.96438
1980,27,4.724012,4.96438
1980,28,4.675206,4.96438
1980,29,4.626498,4.96438
1980,30,4.563358,4.96438
1980,31,4.468811,4.96438
1980,32,4.340607,4.96438
1980,33,4.196479,4.96438
1980,34,4.030489,4.96438
1980,35,3.810703,4.96438
1980,36,3.509814,4.96438
1980,37,3.173405,4.96438
1980,38,2.808699,4.96438
1980,39,2.414546,4.96438
1980,40,1.978687,4.96438
1980,41,1.576528,4.96438
1980,42,1.19868,4.96438
1980,43,0.874752,4.96438
1980,44,0.612079,4.96438
1980,45,0.418671,4.96438
1980,46,0.27877,4.96438
1980,47,0.182907,4.96438
1980,48,0.121761,4.96438
1980,49,0.0717,4.96438
1980,50,0.029722,4.96438
1980,51,0.007458,4.96438
1980,52,0.003664,4.96438
1980,53,0.003521,4.96438
1980,54,0.001589,4.96438
1981,10,0.000365,4.960951
1981,11,0.004742,4.960951
1981,12,0.021203,4.960951
1981,13,0.077242,4.960951
1981,14,0.19666,4.960951
1981,15,0.418369,4.960951
1981,16,0.815449,4.960951
1981,17,1.432866,4.960951
1981,18,2.245953,4.960951
1981,19,3.08471,4.960951
1981,20,3.877412,4.960951
1981,21,4.454435,4.960951
1981,22,4.794916,4.960951
1981,23,4.956254,4.960951
1981,24,4.968342,4.960951
1981,25,4.90308,4.960951
1981,26,4.797908,4.960951
1981,27,4.721217,4.960951
1981,28,4.680574,4.960951
1981,29,4.638608,4.960951
1981,30,4.580582,4.960951
1981,31,4.489889,4.960951
1981,32,4.364385,4.960951
1981,33,4.222175,4.960951
1981,34,4.057266,4.960951
1981,35,3.837202,4.960951
1981,36,3.534562,4.960951
1981,37,3.196001,4.960951
1981,38,2.828861,4.960951
1981,39,2.431544,4.960951
1981,40,1.991899,4.960951
1981,41,1.58587,4.960951
1981,42,1.204321,4.960951
1981,43,0.877024,4.960951
1981,44,0.611442,4.960951
1981,45,0.415013,4.960951
1981,46,0.274257,4.960951
1981,47,0.178113,4.960951
1981,48,0.117264,4.960951
1981,49,0.068285,4.960951
1981,50,0.028045,4.960951
1981,51,0.006901,4.960951
1981,52,0.003598,4.960951
1981,53,0.003598,4.960951
1981,54,0.001599,4.960951
1982,10,0.000355,4.951732
1982,11,0.004619,4.951732
1982,12,0.020841,4.951732
1982,13,0.076618,4.951732
1982,14,0.195832,4.951732
1982,15,0.418038,4.951732
1982,16,0.815045,4.951732
1982,17,1.428495,4.951732
1982,18,2.233383,4.951732
1982,19,3.061745,4.951732
1982,20,3.843515,4.951732
1982,21,4.41507,4.951732
1982,22,4.756147,4.951732
1982,23,4.921406,4.951732
1982,24,4.939861,4.951732
1982,25,4.882332,4.951732
1982,26,4.785697,4.951732
1982,27,4.717531,4.951732
1982,28,4.685,4.951732
1982,29,4.649841,4.951732
1982,30,4.597048,4.951732
1982,31,4.510277,4.951732
1982,32,4.387449,4.951732
1982,33,4.247258,4.951732
1982,34,4.083653,4.951732
1982,35,3.863572,4.951732
1982,36,3.559155,4.951732
1982,37,3.218319,4.951732
1982,38,2.848558,4.951732
1982,39,2.447911,4.951732
1982,40,2.004067,4.951732
1982,41,1.594396,4.951732
1982,42,1.209632,4.951732
1982,43,0.879638,4.951732
1982,44,0.611928,4.951732
1982,45,0.413707,4.951732
1982,46,0.272298,4.951732
1982,47,0.175809,4.951732
1982,48,0.114917,4.951732
1982,49,0.066484,4.951732
1982,50,0.027277,4.951732
1982,51,0.006715,4.951732
1982,52,0.003502,4.951732
1982,53,0.003502,4.951732
1982,54,0.001556,4.951732
1983,10,0.000383,4.914207
1983,11,0.004978,4.914207
1983,12,0.021654,4.914207
1983,13,0.076606,4.914207
1983,14,0.193312,4.914207
1983,15,0.408505,4.914207
1983,16,0.797069,4.914207
1983,17,1.401724,4.914207
1983,18,2.19876,4.914207
1983,19,3.023731,4.914207
1983,20,3.807059,4.914207
1983,21,4.382842,4.914207
1983,22,4.730071,4.914207
1983,23,4.901659,4.914207
1983,24,4.926301,4.914207
1983,25,4.8751,4.914207
1983,26,4.785101,4.914207
1983,27,4.723846,4.914207
1983,28,4.698293,4.914207
1983,29,4.669258,4.914207
1983,30,4.62126,4.914207
1983,31,4.537175,4.914207
1983,32,4.414988,4.914207
1983,33,4.27484,4.914207
1983,34,4.110737,4.914207
1983,35,3.888856,4.914207
1983,36,3.580461,4.914207
1983,37,3.235302,4.914207
1983,38,2.861173,4.914207
1983,39,2.456081,4.914207
1983,40,2.006975,4.914207
1983,41,1.594502,4.914207
1983,42,1.208357,4.914207
1983,43,0.878147,4.914207
1983,44,0.611144,4.914207
1983,45,0.414877,4.914207
1983,46,0.273834,4.914207
1983,47,0.177539,4.914207
1983,48,0.11659,4.914207
1983,49,0.067723,4.914207
1983,50,0.027739,4.914207
1983,51,0.006805,4.914207
1983,52,0.003535,4.914207
1983,53,0.003535,4.914207
1983,54,0.001571,4.914207
1984,10,0.000405,4.909704
1984,11,0.00526,4.909704
1984,12,0.022268,4.909704
1984,13,0.076421,4.909704
1984,14,0.19087,4.909704
1984,15,0.399672,4.909704
1984,16,0.78056,4.909704
1984,17,1.37635,4.909704
1984,18,2.164446,4.909704
1984,19,2.984136,4.909704
1984,20,3.766648,4.909704
1984,21,4.345085,4.909704
1984,22,4.697804,4.909704
1984,23,4.875281,4.909704
1984,24,4.905734,4.909704
1984,25,4.86057,4.909704
1984,26,4.777043,4.909704
1984,27,4.722844,4.909704
1984,28,4.704756,4.909704
1984,29,4.682643,4.909704
1984,30,4.640615,4.909704
1984,31,4.560982,4.909704
1984,32,4.441724,4.909704
1984,33,4.303799,4.909704
1984,34,4.141154,4.909704
1984,35,3.91919,4.909704
1984,36,3.608561,4.909704
1984,37,3.260488,4.909704
1984,38,2.882999,4.909704
1984,39,2.473982,4.909704
1984,40,2.020032,4.909704
1984,41,1.603788,4.909704
1984,42,1.214511,4.909704
1984,43,0.881903,4.909704
1984,44,0.613215,4.909704
1984,45,0.415972,4.909704
1984,46,0.27416,4.909704
1984,47,0.177415,4.909704
1984,48,0.11628,4.909704
1984,49,0.067431,4.909704
1984,50,0.027604,4.909704
1984,51,0.00678,4.909704
1984,52,0.003526,4.909704
1984,53,0.003526,4.909704
1984,54,0.001567,4.909704
1985,10,0.000382,4.911137
1985,11,0.004965,4.911137
1985,12,0.02127,4.911137
1985,13,0.073985,4.911137
1985,14,0.186078,4.911137
1985,15,0.393086,4.911137
1985,16,0.770156,4.911137
1985,17,1.360717,4.911137
1985,18,2.142358,4.911137
1985,19,2.955542,4.911137
1985,20,3.73222,4.911137
1985,21,4.307815,4.911137
1985,22,4.660829,4.911137
1985,23,4.840321,4.911137
1985,24,4.87427,4.911137
1985,25,4.83445,4.911137
1985,26,4.75814,4.911137
1985,27,4.712742,4.911137
1985,28,4.704602,4.911137
1985,29,4.691932,4.911137
1985,30,4.65817,4.911137
1985,31,4.58493,4.911137
1985,32,4.470113,4.911137
1985,33,4.335618,4.911137
1985,34,4.175305,4.911137
1985,35,3.953753,4.911137
1985,36,3.64061,4.911137
1985,37,3.289092,4.911137
1985,38,2.907523,4.911137
1985,39,2.493601,4.911137
1985,40,2.033239,4.911137
1985,41,1.612559,4.911137
1985,42,1.219948,4.911137
1985,43,0.885097,4.911137
1985,44,0.615156,4.911137
1985,45,0.417958,4.911137
1985,46,0.275545,4.911137
1985,47,0.17837,4.911137
1985,48,0.116894,4.911137
1985,49,0.067758,4.911137
1985,50,0.027659,4.911137
1985,51,0.006744,4.911137
1985,52,0.003476,4.911137
1985,53,0.003476,4.911137
1985,54,0.001545,4.911137
1986,10,0.000371,4.87081
1986,11,0.004829,4.87081
1986,12,0.020779,4.87081
1986,13,0.072639,4.87081
1986,14,0.183197,4.87081
1986,15,0.389319,4.87081
1986,16,0.76378,4.87081
1986,17,1.350118,4.87081
1986,18,2.125993,4.87081
1986,19,2.932899,4.87081
1986,20,3.70348,4.87081
1986,21,4.275513,4.87081
1986,22,4.627824,4.87081
1986,23,4.808824,4.87081
1986,24,4.846384,4.87081
1986,25,4.812439,4.87081
1986,26,4.744104,4.87081
1986,27,4.707945,4.87081
1986,28,4.709745,4.87081
1986,29,4.706095,4.87081
1986,30,4.679684,4.87081
1986,31,4.611186,4.87081
1986,32,4.498488,4.87081
1986,33,4.365085,4.87081
1986,34,4.20491,4.87081
1986,35,3.981876,4.87081
1986,36,3.664422,4.87081
1986,37,3.308071,4.87081
1986,38,2.9215,4.87081
1986,39,2.502321,4.87081
1986,40,2.035369,4.87081
1986,41,1.611488,4.87081
1986,42,1.217563,4.87081
1986,43,0.882924,4.87081
1986,44,0.614386,4.87081
1986,45,0.420407,4.87081
1986,46,0.278667,4.87081
1986,47,0.181731,4.87081
1986,48,0.119951,4.87081
1986,49,0.06992,4.87081
1986,50,0.028429,4.87081
1986,51,0.006848,4.87081
1986,52,0.003476,4.87081
1986,53,0.003476,4.87081
1986,54,0.001545,4.87081
1987,10,0.000333,4.806359
1987,11,0.004335,4.806359
1987,12,0.019223,4.806359
1987,13,0.069416,4.806359
1987,14,0.177543,4.806359
1987,15,0.38396,4.806359
1987,16,0.756381,4.806359
1987,17,1.339753,4.806359
1987,18,2.111549,4.806359
1987,19,2.912933,4.806359
1987,20,3.676994,4.806359
1987,21,4.244645,4.806359
1987,22,4.595232,4.806359
1987,23,4.777031,4.806359
1987,24,4.817902,4.806359
1987,25,4.789879,4.806359
1987,26,4.729844,4.806359
1987,27,4.703334,4.806359
1987,28,4.715494,4.806359
1987,29,4.72114,4.806359
1987,30,4.702234,4.806359
1987,31,4.638513,4.806359
1987,32,4.527882,4.806359
1987,33,4.395333,4.806359
1987,34,4.234904,4.806359
1987,35,4.009997,4.806359
1987,36,3.688114,4.806359
1987,37,3.326925,4.806359
1987,38,2.935443,4.806359
1987,39,2.511154,4.806359
1987,40,2.037979,4.806359
1987,41,1.610877,4.806359
1987,42,1.215459,4.806359
1987,43,0.88074,4.806359
1987,44,0.613243,4.806359
1987,45,0.421909,4.806359
1987,46,0.280713,4.806359
1987,47,0.184007,4.806359
1987,48,0.122051,4.806359
1987,49,0.071406,4.806359
1987,50,0.028917,4.806359
1987,51,0.006879,4.806359
1987,52,0.003436,4.806359
1987,53,0.003436,4.806359
1987,54,0.001527,4.806359
1988,10,0.000278,4.733146
1988,11,0.003617,4.733146
1988,12,0.017027,4.733146
1988,13,0.065231,4.733146
1988,14,0.1707,4.733146
1988,15,0.37961,4.733146
1988,16,0.751799,4.733146
1988,17,1.33487,4.733146
1988,18,2.105703,4.733146
1988,19,2.903243,4.733146
1988,20,3.660553,4.733146
1988,21,4.222012,4.733146
1988,22,4.567915,4.733146
1988,23,4.748386,4.733146
1988,24,4.791718,4.733146
1988,25,4.769985,4.733146
1988,26,4.719632,4.733146
1988,27,4.704097,4.733146
1988,28,4.72759,4.733146
1988,29,4.742908,4.733146
1988,30,4.731246,4.733146
1988,31,4.670771,4.733146
1988,32,4.559539,4.733146
1988,33,4.424547,4.733146
1988,34,4.260255,4.733146
1988,35,4.030233,4.733146
1988,36,3.701608,4.733146
1988,37,3.33403,4.733146
1988,38,2.936883,4.733146
1988,39,2.50767,4.733146
1988,40,2.029381,4.733146
1988,41,1.600703,4.733146
1988,42,1.205855,4.733146
1988,43,0.873317,4.733146
1988,44,0.609152,4.733146
1988,45,0.422761,4.733146
1988,46,0.283237,4.733146
1988,47,0.187417,4.733146
1988,48,0.125477,4.733146
1988,49,0.073945,4.733146
1988,50,0.029804,4.733146
1988,51,0.006973,4.733146
1988,52,0.003406,4.733146
1988,53,0.003406,4.733146
1988,54,0.001514,4.733146
1989,10,0.000262,4.693225
1989,11,0.003406,4.693225
1989,12,0.015959,4.693225
1989,13,0.060876,4.693225
1989,14,0.160025,4.693225
1989,15,0.358486,4.693225
1989,16,0.717162,4.693225
1989,17,1.289972,4.693225
1989,18,2.055601,4.693225
1989,19,2.854681,4.693225
1989,20,3.619578,4.693225
1989,21,4.188708,4.693225
1989,22,4.541046,4.693225
1989,23,4.725934,4.693225
1989,24,4.771994,4.693225
1989,25,4.753402,4.693225
1989,26,4.707675,4.693225
1989,27,4.699318,4.693225
1989,28,4.732343,4.693225
1989,29,4.75747,4.693225
1989,30,4.755146,4.693225
1989,31,4.701894,4.693225
1989,32,4.595681,4.693225
1989,33,4.464306,4.693225
1989,34,4.302141,4.693225
1989,35,4.071858,4.693225
1989,36,3.740099,4.693225
1989,37,3.368404,4.693225
1989,38,2.966497,4.693225
1989,39,2.531771,4.693225
1989,40,2.046932,4.693225
1989,41,1.612864,4.693225
1989,42,1.213416,4.693225
1989,43,0.87721,4.693225
1989,44,0.610307,4.693225
1989,45,0.421984,4.693225
1989,46,0.28123,4.693225
1989,47,0.184905,4.693225
1989,48,0.123133,4.693225
1989,49,0.072264,4.693225
1989,50,0.029097,4.693225
1989,51,0.006814,4.693225
1989,52,0.003333,4.693225
1989,53,0.003333,4.693225
1989,54,0.001481,4.693225
1990,10,0.000234,4.668352
1990,11,0.003039,4.668352
1990,12,0.014469,4.668352
1990,13,0.056004,4.668352
1990,14,0.148922,4.668352
1990,15,0.339103,4.668352
1990,16,0.686156,4.668352
1990,17,1.251184,4.668352
1990,18,2.014304,4.668352
1990,19,2.816224,4.668352
1990,20,3.58823,4.668352
1990,21,4.163085,4.668352
1990,22,4.518876,4.668352
1990,23,4.706071,4.668352
1990,24,4.754048,4.668352
1990,25,4.73902,4.668352
1990,26,4.699356,4.668352
1990,27,4.699535,4.668352
1990,28,4.743082,4.668352
1990,29,4.77843,4.668352
1990,30,4.785217,4.668352
1990,31,4.737675,4.668352
1990,32,4.6338,4.668352
1990,33,4.502781,4.668352
1990,34,4.339216,4.668352
1990,35,4.10552,4.668352
1990,36,3.768286,4.668352
1990,37,3.390861,4.668352
1990,38,2.983354,4.668352
1990,39,2.543221,4.668352
1990,40,2.052757,4.668352
1990,41,1.615016,4.668352
1990,42,1.213209,4.668352
1990,43,0.87585,4.668352
1990,44,0.608807,4.668352
1990,45,0.421314,4.668352
1990,46,0.280541,4.668352
1990,47,0.18437,4.668352
1990,48,0.122866,4.668352
1990,49,0.072168,4.668352
1990,50,0.029001,4.668352
1990,51,0.006763,4.668352
1990,52,0.003288,4.668352
1990,53,0.003288,4.668352
1990,54,0.001461,4.668352
1991,10,0.000263,4.641977
1991,11,0.003419,4.641977
1991,12,0.014617,4.641977
1991,13,0.050724,4.641977
1991,14,0.131761,4.641977
1991,15,0.296078,4.641977
1991,16,0.613273,4.641977
1991,17,1.160826,4.641977
1991,18,1.923567,4.641977
1991,19,2.744091,4.641977
1991,20,3.54992,4.641977
1991,21,4.150353,4.641977
1991,22,4.519534,4.641977
1991,23,4.710095,4.641977
1991,24,4.753559,4.641977
1991,25,4.733001,4.641977
1991,26,4.690316,4.641977
1991,27,4.694248,4.641977
1991,28,4.748442,4.641977
1991,29,4.797185,4.641977
1991,30,4.818361,4.641977
1991,31,4.781764,4.641977
1991,32,4.685013,4.641977
1991,33,4.559173,4.641977
1991,34,4.398634,4.641977
1991,35,4.163903,4.641977
1991,36,3.819804,4.641977
1991,37,3.433758,4.641977
1991,38,3.016615,4.641977
1991,39,2.56594,4.641977
1991,40,2.062735,4.641977
1991,41,1.617142,4.641977
1991,42,1.210376,4.641977
1991,43,0.870434,4.641977
1991,44,0.602795,4.641977
1991,45,0.416967,4.641977
1991,46,0.276363,4.641977
1991,47,0.180869,4.641977
1991,48,0.120406,4.641977
1991,49,0.070733,4.641977
1991,50,0.028356,4.641977
1991,51,0.006643,4.641977
1991,52,0.00325,4.641977
1991,53,0.00325,4.641977
1991,54,0.001444,4.641977
1992,10,0.000312,4.567604
1992,11,0.004062,4.567604
1992,12,0.015167,4.567604
1992,13,0.043993,4.567604
1992,14,0.108801,4.567604
1992,15,0.239584,4.567604
1992,16,0.517231,4.567604
1992,17,1.044419,4.567604
1992,18,1.81239,4.567604
1992,19,2.664366,4.567604
1992,20,3.521644,4.567604
1992,21,4.157987,4.567604
1992,22,4.542432,4.567604
1992,23,4.734906,4.567604
1992,24,4.770857,4.567604
1992,25,4.742697,4.567604
1992,26,4.696834,4.567604
1992,27,4.705468,4.567604
1992,28,4.772048,4.567604
1992,29,4.835892,4.567604
1992,30,4.872851,4.567604
1992,31,4.845146,4.567604
1992,32,4.750226,4.567604
1992,33,4.622384,4.567604
1992,34,4.456557,4.567604
1992,35,4.212814,4.567604
1992,36,3.855754,4.567604
1992,37,3.456524,4.567604
1992,38,3.026918,4.567604
1992,39,2.565338,4.567604
1992,40,2.051492,4.567604
1992,41,1.60132,4.567604
1992,42,1.193764,4.567604
1992,43,0.855962,4.567604
1992,44,0.592626,4.567604
1992,45,0.413434,4.567604
1992,46,0.275013,4.567604
1992,47,0.181416,4.567604
1992,48,0.122398,4.567604
1992,49,0.072816,4.567604
1992,50,0.029128,4.567604
1992,51,0.006835,4.567604
1992,52,0.003352,4.567604
1992,53,0.003352,4.567604
1992,54,0.00149,4.567604
1993,10,0.000369,4.486623
1993,11,0.004798,4.486623
1993,12,0.015939,4.486623
1993,13,0.037341,4.486623
1993,14,0.085848,4.486623
1993,15,0.184665,4.486623
1993,16,0.424208,4.486623
1993,17,0.930822,4.486623
1993,18,1.701858,4.486623
1993,19,2.581793,4.486623
1993,20,3.486554,4.486623
1993,21,4.157054,4.486623
1993,22,4.557419,4.486623
1993,23,4.752872,4.486623
1993,24,4.78221,4.486623
1993,25,4.746675,4.486623
1993,26,4.697099,4.486623
1993,27,4.70987,4.486623
1993,28,4.788426,4.486623
1993,29,4.86724,4.486623
1993,30,4.92022,4.486623
1993,31,4.90296,4.486623
1993,32,4.812645,4.486623
1993,33,4.686129,4.486623
1993,34,4.518593,4.486623
1993,35,4.26906,4.486623
1993,36,3.90152,4.486623
1993,37,3.490903,4.486623
1993,38,3.049871,4.486623
1993,39,2.577367,4.486623
1993,40,2.052,4.486623
1993,41,1.595399,4.486623
1993,42,1.184599,4.486623
1993,43,0.84612,4.486623
1993,44,0.584143,4.486623
1993,45,0.408365,4.486623
1993,46,0.270953,4.486623
1993,47,0.178593,4.486623
1993,48,0.120936,4.486623
1993,49,0.072418,4.486623
1993,50,0.029236,4.486623
1993,51,0.00711,4.486623
1993,52,0.003279,4.486623
1993,53,0.00311,4.486623
1993,54,0.00141,4.486623
1994,10,0.000363,4.441614
1994,11,0.004714,4.441614
1994,12,0.014882,4.441614
1994,13,0.030939,4.441614
1994,14,0.069106,4.441614
1994,15,0.152469,4.441614
1994,16,0.371897,4.441614
1994,17,0.869966,4.441614
1994,18,1.647391,4.441614
1994,19,2.548137,4.441614
1994,20,3.484686,4.441614
1994,21,4.180369,4.441614
1994,22,4.596586,4.441614
1994,23,4.802157,4.441614
1994,24,4.836996,4.441614
1994,25,4.803409,4.441614
1994,26,4.753113,4.441614
1994,27,4.762397,4.441614
1994,28,4.835023,4.441614
1994,29,4.906722,4.441614
1994,30,4.952146,4.441614
1994,31,4.925086,4.441614
1994,32,4.823353,4.441614
1994,33,4.684559,4.441614
1994,34,4.50478,4.441614
1994,35,4.244869,4.441614
1994,36,3.872102,4.441614
1994,37,3.458945,4.441614
1994,38,3.017981,4.441614
1994,39,2.548865,4.441614
1994,40,2.031615,4.441614
1994,41,1.58048,4.441614
1994,42,1.174233,4.441614
1994,43,0.839411,4.441614
1994,44,0.580156,4.441614
1994,45,0.405329,4.441614
1994,46,0.268781,4.441614
1994,47,0.17727,4.441614
1994,48,0.120613,4.441614
1994,49,0.072915,4.441614
1994,50,0.030203,4.441614
1994,51,0.007822,4.441614
1994,52,0.003197,4.441614
1994,53,0.002689,4.441614
1994,54,0.00128,4.441614
1995,10,0.000269,4.419143
1995,11,0.003501,4.419143
1995,12,0.011514,4.419143
1995,13,0.026387,4.419143
1995,14,0.065166,4.419143
1995,15,0.15638,4.419143
1995,16,0.3844,4.419143
1995,17,0.884734,4.419143
1995,18,1.656061,4.419143
1995,19,2.542654,4.419143
1995,20,3.460473,4.419143
1995,21,4.154226,4.419143
1995,22,4.585372,4.419143
1995,23,4.80657,4.419143
1995,24,4.852592,4.419143
1995,25,4.820257,4.419143
1995,26,4.759796,4.419143
1995,27,4.757214,4.419143
1995,28,4.818366,4.419143
1995,29,4.879472,4.419143
1995,30,4.913931,4.419143
1995,31,4.886952,4.419143
1995,32,4.795351,4.419143
1995,33,4.678272,4.419143
1995,34,4.528191,4.419143
1995,35,4.294724,4.419143
1995,36,3.929646,4.419143
1995,37,3.517009,4.419143
1995,38,3.069828,4.419143
1995,39,2.584491,4.419143
1995,40,2.034197,4.419143
1995,41,1.567552,4.419143
1995,42,1.153828,4.419143
1995,43,0.816237,4.419143
1995,44,0.557907,4.419143
1995,45,0.392391,4.419143
1995,46,0.258966,4.419143
1995,47,0.170181,4.419143
1995,48,0.115249,4.419143
1995,49,0.068896,4.419143
1995,50,0.027081,4.419143
1995,51,0.006287,4.419143
1995,52,0.003038,4.419143
1995,53,0.003038,4.419143
1995,54,0.00135,4.419143
1996,10,0.00011,4.425229
1996,11,0.001427,4.425229
1996,12,0.006457,4.425229
1996,13,0.023811,4.425229
1996,14,0.071834,4.425229
1996,15,0.194117,4.425229
1996,16,0.457349,4.425229
1996,17,0.974837,4.425229
1996,18,1.738192,4.425229
1996,19,2.587986,4.425229
1996,20,3.447252,4.425229
1996,21,4.107887,4.425229
1996,22,4.535624,4.425229
1996,23,4.764273,4.425229
1996,24,4.82187,4.425229
1996,25,4.795851,4.425229
1996,26,4.732619,4.425229
1996,27,4.726054,4.425229
1996,28,4.783269,4.425229
1996,29,4.839568,4.425229
1996,30,4.86651,4.425229
1996,31,4.843271,4.425229
1996,32,4.765575,4.425229
1996,33,4.67483,4.425229
1996,34,4.559446,4.425229
1996,35,4.356326,4.425229
1996,36,3.998728,4.425229
1996,37,3.585258,4.425229
1996,38,3.129482,4.425229
1996,39,2.623353,4.425229
1996,40,2.031491,4.425229
1996,41,1.54571,4.425229
1996,42,1.123068,4.425229
1996,43,0.782553,4.425229
1996,44,0.526047,4.425229
1996,45,0.372511,4.425229
1996,46,0.244221,4.425229
1996,47,0.159121,4.425229
1996,48,0.105862,4.425229
1996,49,0.062065,4.425229
1996,50,0.023531,4.425229
1996,51,0.005226,4.425229
1996,52,0.00257,4.425229
1996,53,0.002185,4.425229
1996,54,0.000672,4.425229
1997,10,0.000106,4.368175
1997,11,0.001378,4.368175
1997,12,0.00648,4.368175
1997,13,0.024811,4.368175
1997,14,0.07508,4.368175
1997,15,0.198932,4.368175
1997,16,0.466201,4.368175
1997,17,0.991105,4.368175
1997,18,1.765283,4.368175
1997,19,2.627517,4.368175
1997,20,3.499361,4.368175
1997,21,4.167273,4.368175
1997,22,4.596458,4.368175
1997,23,4.823245,4.368175
1997,24,4.876062,4.368175
1997,25,4.841425,4.368175
1997,26,4.76573,4.368175
1997,27,4.742177,4.368175
1997,28,4.7788,4.368175
1997,29,4.815485,4.368175
1997,30,4.826295,4.368175
1997,31,4.791576,4.368175
1997,32,4.707397,4.368175
1997,33,4.610362,4.368175
1997,34,4.489402,4.368175
1997,35,4.28536,4.368175
1997,36,3.938469,4.368175
1997,37,3.538436,4.368175
1997,38,3.097723,4.368175
1997,39,2.609026,4.368175
1997,40,2.041938,4.368175
1997,41,1.565985,4.368175
1997,42,1.145706,4.368175
1997,43,0.802224,4.368175
1997,44,0.538743,4.368175
1997,45,0.371802,4.368175
1997,46,0.238907,4.368175
1997,47,0.15126,4.368175
1997,48,0.097957,4.368175
1997,49,0.056252,4.368175
1997,50,0.021668,4.368175
1997,51,0.004998,4.368175
1997,52,0.002531,4.368175
1997,53,0.002271,4.368175
1997,54,0.000808,4.368175
1998,10,0.000112,4.290281
1998,11,0.001458,4.290281
1998,12,0.006888,4.290281
1998,13,0.026478,4.290281
1998,14,0.079262,4.290281
1998,15,0.204369,4.290281
1998,16,0.475404,4.290281
1998,17,1.00732,4.290281
1998,18,1.79189,4.290281
1998,19,2.666498,4.290281
1998,20,3.551239,4.290281
1998,21,4.226569,4.290281
1998,22,4.657101,4.290281
1998,23,4.881771,4.290281
1998,24,4.929465,4.290281
1998,25,4.885947,4.290281
1998,26,4.797662,4.290281
1998,27,4.757131,4.290281
1998,28,4.773308,4.290281
1998,29,4.790649,4.290281
1998,30,4.785662,4.290281
1998,31,4.73969,4.290281
1998,32,4.649123,4.290281
1998,33,4.545884,4.290281
1998,34,4.419434,4.290281
1998,35,4.214563,4.290281
1998,36,3.878264,4.290281
1998,37,3.49149,4.290281
1998,38,3.065634,4.290281
1998,39,2.594202,4.290281
1998,40,2.051529,4.290281
1998,41,1.585624,4.290281
1998,42,1.168052,4.290281
1998,43,0.822045,4.290281
1998,44,0.552083,4.290281
1998,45,0.372146,4.290281
1998,46,0.235044,4.290281
1998,47,0.145009,4.290281
1998,48,0.091554,4.290281
1998,49,0.051527,4.290281
1998,50,0.020189,4.290281
1998,51,0.004849,4.290281
1998,52,0.002516,4.290281
1998,53,0.002396,4.290281
1998,54,0.000971,4.290281
1999,10,0.000125,4.185058
1999,11,0.001619,4.185058
1999,12,0.007571,4.185058
1999,13,0.02883,4.185058
1999,14,0.084583,4.185058
1999,15,0.212574,4.185058
1999,16,0.489133,4.185058
1999,17,1.032163,4.185058
1999,18,1.833283,4.185058
1999,19,2.725518,4.185058
1999,20,3.62613,4.185058
1999,21,4.306173,4.185058
1999,22,4.730298,4.185058
1999,23,4.945938,4.185058
1999,24,4.984097,4.185058
1999,25,4.931052,4.185058
1999,26,4.8334,4.185058
1999,27,4.780286,4.185058
1999,28,4.780731,4.185058
1999,29,4.782544,4.185058
1999,30,4.764314,4.185058
1999,31,4.705345,4.185058
1999,32,4.602625,4.185058
1999,33,4.484931,4.185058
1999,34,4.343194,4.185058
1999,35,4.128211,4.185058
1999,36,3.795453,4.185058
1999,37,3.416831,4.185058
1999,38,3.002857,4.185058
1999,39,2.548469,4.185058
1999,40,2.032618,4.185058
1999,41,1.580905,4.185058
1999,42,1.17135,4.185058
1999,43,0.828803,4.185058
1999,44,0.55857,4.185058
1999,45,0.371722,4.185058
1999,46,0.233541,4.185058
1999,47,0.142876,4.185058
1999,48,0.089659,4.185058
1999,49,0.050296,4.185058
1999,50,0.020054,4.185058
1999,51,0.004963,4.185058
1999,52,0.002605,4.185058
1999,53,0.002605,4.185058
1999,54,0.001158,4.185058
2000,10,0.00015,4.070689
2000,11,0.001951,4.070689
2000,12,0.008395,4.070689
2000,13,0.029345,4.070689
2000,14,0.083942,4.070689
2000,15,0.205809,4.070689
2000,16,0.476352,4.070689
2000,17,1.016093,4.070689
2000,18,1.818282,4.070689
2000,19,2.718814,4.070689
2000,20,3.634316,4.070689
2000,21,4.328824,4.070689
2000,22,4.765567,4.070689
2000,23,4.991737,4.070689
2000,24,5.037774,4.070689
2000,25,4.987594,4.070689
2000,26,4.887244,4.070689
2000,27,4.824347,4.070689
2000,28,4.808721,4.070689
2000,29,4.793072,4.070689
2000,30,4.758478,4.070689
2000,31,4.685469,4.070689
2000,32,4.571753,4.070689
2000,33,4.443286,4.070689
2000,34,4.29178,4.070689
2000,35,4.071492,4.070689
2000,36,3.744128,4.070689
2000,37,3.374134,4.070689
2000,38,2.971167,4.070689
2000,39,2.530925,4.070689
2000,40,2.036427,4.070689
2000,41,1.594143,4.070689
2000,42,1.18791,4.070689
2000,43,0.844314,4.070689
2000,44,0.569653,4.070689
2000,45,0.372385,4.070689
2000,46,0.231182,4.070689
2000,47,0.138878,4.070689
2000,48,0.085733,4.070689
2000,49,0.047498,4.070689
2000,50,0.019249,4.070689
2000,51,0.004976,4.070689
2000,52,0.002746,4.070689
2000,53,0.002746,4.070689
2000,54,0.00122,4.070689
2001,10,0.000184,3.956826
2001,11,0.002397,3.956826
2001,12,0.009545,3.956826
2001,13,0.030364,3.956826
2001,14,0.083944,3.956826
2001,15,0.199038,3.956826
2001,16,0.463715,3.956826
2001,17,1.003993,3.956826
2001,18,1.814759,3.956826
2001,19,2.731593,3.956826
2001,20,3.668671,3.956826
2001,21,4.376586,3.956826
2001,22,4.817126,3.956826
2001,23,5.042268,3.956826
2001,24,5.083907,3.956826
2001,25,5.027213,3.956826
2001,26,4.919096,3.956826
2001,27,4.845899,3.956826
2001,28,4.817865,3.956826
2001,29,4.790495,3.956826
2001,30,4.746631,3.956826
2001,31,4.665039,3.956826
2001,32,4.543891,3.956826
2001,33,4.40619,3.956826
2001,34,4.244647,3.956826
2001,35,4.017862,3.956826
2001,36,3.694496,3.956826
2001,37,3.331639,3.956826
2001,38,2.938249,3.956826
2001,39,2.511148,3.956826
2001,40,2.037444,3.956826
2001,41,1.604453,3.956826
2001,42,1.201673,3.956826
2001,43,0.857461,3.956826
2001,44,0.579045,3.956826
2001,45,0.371878,3.956826
2001,46,0.228205,3.956826
2001,47,0.134611,3.956826
2001,48,0.081696,3.956826
2001,49,0.044661,3.956826
2001,50,0.018403,3.956826
2001,51,0.004978,3.956826
2001,52,0.002881,3.956826
2001,53,0.002881,3.956826
2001,54,0.00128,3.956826
2002,10,0.000209,3.813599
2002,11,0.002721,3.813599
2002,12,0.010421,3.813599
2002,13,0.031409,3.813599
2002,14,0.084698,3.813599
2002,15,0.19869,3.813599
2002,16,0.462336,3.813599
2002,17,1.001741,3.813599
2002,18,1.812276,3.813599
2002,19,2.731211,3.813599
2002,20,3.673048,3.813599
2002,21,4.389007,3.813599
2002,22,4.840481,3.813599
2002,23,5.077827,3.813599
2002,24,5.131655,3.813599
2002,25,5.083251,3.813599
2002,26,4.978016,3.813599
2002,27,4.901106,3.813599
2002,28,4.863151,3.813599
2002,29,4.822685,3.813599
2002,30,4.763672,3.813599
2002,31,4.667172,3.813599
2002,32,4.53204,3.813599
2002,33,4.382407,3.813599
2002,34,4.2114,3.813599
2002,35,3.978034,3.813599
2002,36,3.651531,3.813599
2002,37,3.287837,3.813599
2002,38,2.895711,3.813599
2002,39,2.471958,3.813599
2002,40,2.003802,3.813599
2002,41,1.576827,3.813599
2002,42,1.180527,3.813599
2002,43,0.842477,3.813599
2002,44,0.569595,3.813599
2002,45,0.367458,3.813599
2002,46,0.226584,3.813599
2002,47,0.134854,3.813599
2002,48,0.08291,3.813599
2002,49,0.045924,3.813599
2002,50,0.018965,3.813599
2002,51,0.005127,3.813599
2002,52,0.002965,3.813599
2002,53,0.002965,3.813599
2002,54,0.001318,3.813599
2003,10,0.00024,3.701609
2003,11,0.003124,3.701609
2003,12,0.011774,3.701609
2003,13,0.034638,3.701609
2003,14,0.091039,3.701609
2003,15,0.209979,3.701609
2003,16,0.479029,3.701609
2003,17,1.010447,3.701609
2003,18,1.798962,3.701609
2003,19,2.692323,3.701609
2003,20,3.611366,3.701609
2003,21,4.329935,3.701609
2003,22,4.809912,3.701609
2003,23,5.085348,3.701609
2003,24,5.179984,3.701609
2003,25,5.161969,3.701609
2003,26,5.071553,3.701609
2003,27,4.992903,3.701609
2003,28,4.937957,3.701609
2003,29,4.872797,3.701609
2003,30,4.78397,3.701609
2003,31,4.663094,3.701609
2003,32,4.510113,3.701609
2003,33,4.350257,3.701609
2003,34,4.176055,3.701609
2003,35,3.943638,3.701609
2003,36,3.619421,3.701609
2003,37,3.259299,3.701609
2003,38,2.87149,3.701609
2003,39,2.451378,3.701609
2003,40,1.985672,3.701609
2003,41,1.561885,3.701609
2003,42,1.168991,3.701609
2003,43,0.833585,3.701609
2003,44,0.562519,3.701609
2003,45,0.362037,3.701609
2003,46,0.222757,3.701609
2003,47,0.132176,3.701609
2003,48,0.080952,3.701609
2003,49,0.04469,3.701609
2003,50,0.018477,3.701609
2003,51,0.00505,3.701609
2003,52,0.002952,3.701609
2003,53,0.002952,3.701609
2003,54,0.001312,3.701609
2004,10,0.000251,3.734209
2004,11,0.003269,3.734209
2004,12,0.012475,3.734209
2004,13,0.037398,3.734209
2004,14,0.097927,3.734209
2004,15,0.223629,3.734209
2004,16,0.50019,3.734209
2004,17,1.022315,3.734209
2004,18,1.783774,3.734209
2004,19,2.645008,3.734209
2004,20,3.534742,3.734209
2004,21,4.254759,3.734209
2004,22,4.767421,3.734209
2004,23,5.085687,3.734209
2004,24,5.224903,3.734209
2004,25,5.238282,3.734209
2004,26,5.160423,3.734209
2004,27,5.075698,3.734209
2004,28,4.998031,3.734209
2004,29,4.902976,3.734209
2004,30,4.780546,3.734209
2004,31,4.635727,3.734209
2004,32,4.469418,3.734209
2004,33,4.305499,3.734209
2004,34,4.135298,3.734209
2004,35,3.911511,3.734209
2004,36,3.598075,3.734209
2004,37,3.24897,3.734209
2004,38,2.871458,3.734209
2004,39,2.459152,3.734209
2004,40,1.999487,3.734209
2004,41,1.577386,3.734209
2004,42,1.183325,3.734209
2004,43,0.844063,3.734209
2004,44,0.567151,3.734209
2004,45,0.358564,3.734209
2004,46,0.217171,3.734209
2004,47,0.125528,3.734209
2004,48,0.0744,3.734209
2004,49,0.039815,3.734209
2004,50,0.016566,3.734209
2004,51,0.004719,3.734209
2004,52,0.002868,3.734209
2004,53,0.002868,3.734209
2004,54,0.001275,3.734209
2005,10,0.00027,3.759898
2005,11,0.003507,3.759898
2005,12,0.013451,3.759898
2005,13,0.040622,3.759898
2005,14,0.105515,3.759898
2005,15,0.237083,3.759898
2005,16,0.52034,3.759898
2005,17,1.031222,3.759898
2005,18,1.762778,3.759898
2005,19,2.589895,3.759898
2005,20,3.449786,3.759898
2005,21,4.172567,3.759898
2005,22,4.720784,3.759898
2005,23,5.084243,3.759898
2005,24,5.269327,3.759898
2005,25,5.313931,3.759898
2005,26,5.246979,3.759898
2005,27,5.153746,3.759898
2005,28,5.050509,3.759898
2005,29,4.92323,3.759898
2005,30,4.765806,3.759898
2005,31,4.597546,3.759898
2005,32,4.420221,3.759898
2005,33,4.255162,3.759898
2005,34,4.092245,3.759898
2005,35,3.880604,3.759898
2005,36,3.582035,3.759898
2005,37,3.247548,3.759898
2005,38,2.883259,3.759898
2005,39,2.480963,3.759898
2005,40,2.029465,3.759898
2005,41,1.608557,3.759898
2005,42,1.211223,3.759898
2005,43,0.865017,3.759898
2005,44,0.57857,3.759898
2005,45,0.356901,3.759898
2005,46,0.211652,3.759898
2005,47,0.11787,3.759898
2005,48,0.066471,3.759898
2005,49,0.033793,3.759898
2005,50,0.014184,3.759898
2005,51,0.004335,3.759898
2005,52,0.002822,3.759898
2005,53,0.002772,3.759898
2005,54,0.001193,3.759898
2006,10,0.000214,3.815367
2006,11,0.002785,3.815367
2006,12,0.011851,3.815367
2006,13,0.040918,3.815367
2006,14,0.111343,3.815367
2006,15,0.257276,3.815367
2006,16,0.555765,3.815367
2006,17,1.063855,3.815367
2006,18,1.772052,3.815367
2006,19,2.564546,3.815367
2006,20,3.386686,3.815367
2006,21,4.102189,3.815367
2006,22,4.675034,3.815367
2006,23,5.073461,3.815367
2006,24,5.295465,3.815367
2006,25,5.364702,3.815367
2006,26,5.304575,3.815367
2006,27,5.202156,3.815367
2006,28,5.07587,3.815367
2006,29,4.920431,3.815367
2006,30,4.732839,3.815367
2006,31,4.546868,3.815367
2006,32,4.364697,3.815367
2006,33,4.204947,3.815367
2006,34,4.05556,3.815367
2006,35,3.861055,3.815367
2006,36,3.578998,3.815367
2006,37,3.259279,3.815367
2006,38,2.907001,3.815367
2006,39,2.511809,3.815367
2006,40,2.062736,3.815367
2006,41,1.640146,3.815367
2006,42,1.237991,3.815367
2006,43,0.884243,3.815367
2006,44,0.588444,3.815367
2006,45,0.355493,3.815367
2006,46,0.206745,3.815367
2006,47,0.11097,3.815367
2006,48,0.059143,3.815367
2006,49,0.028093,3.815367
2006,50,0.011725,3.815367
2006,51,0.003875,3.815367
2006,52,0.002824,3.815367
2006,53,0.002494,3.815367
2006,54,0.000852,3.815367
2007,10,0.000143,3.864681
2007,11,0.001856,3.864681
2007,12,0.009575,3.864681
2007,13,0.039666,3.864681
2007,14,0.114182,3.864681
2007,15,0.274625,3.864681
2007,16,0.588726,3.864681
2007,17,1.103326,3.864681
2007,18,1.806108,3.864681
2007,19,2.581779,3.864681
2007,20,3.379534,3.864681
2007,21,4.084464,3.864681
2007,22,4.66236,3.864681
2007,23,5.072092,3.864681
2007,24,5.307733,3.864681
2007,25,5.385697,3.864681
2007,26,5.326389,3.864681
2007,27,5.217903,3.864681
2007,28,5.079595,3.864681
2007,29,4.909868,3.864681
2007,30,4.707003,3.864681
2007,31,4.512474,3.864681
2007,32,4.32854,3.864681
2007,33,4.172498,3.864681
2007,34,4.031153,3.864681
2007,35,3.846334,3.864681
2007,36,3.57258,3.864681
2007,37,3.260031,3.864681
2007,38,2.913308,3.864681
2007,39,2.520681,3.864681
2007,40,2.070783,3.864681
2007,41,1.646993,3.864681
2007,42,1.243014,3.864681
2007,43,0.886545,3.864681
2007,44,0.58742,3.864681
2007,45,0.350732,3.864681
2007,46,0.201471,3.864681
2007,47,0.10555,3.864681
2007,48,0.053981,3.864681
2007,49,0.024236,3.864681
2007,50,0.009989,3.864681
2007,51,0.003487,3.864681
2007,52,0.002736,3.864681
2007,53,0.002236,3.864681
2007,54,0.000605,3.864681
2008,10,8e-05,3.899135
2008,11,0.001046,3.899135
2008,12,0.007623,3.899135
2008,13,0.03883,3.899135
2008,14,0.117359,3.899135
2008,15,0.292548,3.899135
2008,16,0.622325,3.899135
2008,17,1.143304,3.899135
2008,18,1.840353,3.899135
2008,19,2.598874,3.899135
2008,20,3.371996,3.899135
2008,21,4.066136,3.899135
2008,22,4.648913,3.899135
2008,23,5.069807,3.899135
2008,24,5.318978,3.899135
2008,25,5.405655,3.899135
2008,26,5.347244,3.899135
2008,27,5.232879,3.899135
2008,28,5.082832,3.899135
2008,29,4.899138,3.899135
2008,30,4.681298,3.899135
2008,31,4.478426,3.899135
2008,32,4.292836,3.899135
2008,33,4.140624,3.899135
2008,34,4.00745,3.899135
2008,35,3.83238,3.899135
2008,36,3.566751,3.899135
2008,37,3.261135,3.899135
2008,38,2.919689,3.899135
2008,39,2.529321,3.899135
2008,40,2.078121,3.899135
2008,41,1.653048,3.899135
2008,42,1.247356,3.899135
2008,43,0.888412,3.899135
2008,44,0.586304,3.899135
2008,45,0.34644,3.899135
2008,46,0.196796,3.899135
2008,47,0.100768,3.899135
2008,48,0.049392,3.899135
2008,49,0.020815,3.899135
2008,50,0.008478,3.899135
2008,51,0.003099,3.899135
2008,52,0.002479,3.899135
2008,53,0.002065,3.899135
2008,54,0.000596,3.899135
2009,10,7.3e-05,3.905211
2009,11,0.000955,3.905211
2009,12,0.007348,3.905211
2009,13,0.038336,3.905211
2009,14,0.116565,3.905211
2009,15,0.290974,3.905211
2009,16,0.62134,3.905211
2009,17,1.152279,3.905211
2009,18,1.868492,3.905211
2009,19,2.646628,3.905211
2009,20,3.435069,3.905211
2009,21,4.125563,3.905211
2009,22,4.686238,3.905211
2009,23,5.081376,3.905211
2009,24,5.306308,3.905211
2009,25,5.377532,3.905211
2009,26,5.315078,3.905211
2009,27,5.205016,3.905211
2009,28,5.066059,3.905211
2009,29,4.89577,3.905211
2009,30,4.692575,3.905211
2009,31,4.49715,3.905211
2009,32,4.311855,3.905211
2009,33,4.152896,3.905211
2009,34,4.007501,3.905211
2009,35,3.819526,3.905211
2009,36,3.545873,3.905211
2009,37,3.234752,3.905211
2009,38,2.890553,3.905211
2009,39,2.501518,3.905211
2009,40,2.057539,3.905211
2009,41,1.636909,3.905211
2009,42,1.234971,3.905211
2009,43,0.879532,3.905211
2009,44,0.58062,3.905211
2009,45,0.341523,3.905211
2009,46,0.193692,3.905211
2009,47,0.098876,3.905211
2009,48,0.048306,3.905211
2009,49,0.020282,3.905211
2009,50,0.008311,3.905211
2009,51,0.003081,3.905211
2009,52,0.002477,3.905211
2009,53,0.002075,3.905211
2009,54,0.000609,3.905211
2010,10,7e-05,3.898225
2010,11,0.000916,3.898225
2010,12,0.007233,3.898225
2010,13,0.038145,3.898225
2010,14,0.116257,3.898225
2010,15,0.28981,3.898225
2010,16,0.620758,3.898225
2010,17,1.161471,3.898225
2010,18,1.896515,3.898225
2010,19,2.694015,3.898225
2010,20,3.497677,3.898225
2010,21,4.184534,3.898225
2010,22,4.723212,3.898225
2010,23,5.09269,3.898225
2010,24,5.293442,3.898225
2010,25,5.349235,3.898225
2010,26,5.282704,3.898225
2010,27,5.176885,3.898225
2010,28,5.04894,3.898225
2010,29,4.892006,3.898225
2010,30,4.703432,3.898225
2010,31,4.515471,3.898225
2010,32,4.330517,3.898225
2010,33,4.164906,3.898225
2010,34,4.007425,3.898225
2010,35,3.806684,3.898225
2010,36,3.525083,3.898225
2010,37,3.208495,3.898225
2010,38,2.861546,3.898225
2010,39,2.473825,3.898225
2010,40,2.036964,3.898225
2010,41,1.62079,3.898225
2010,42,1.222661,3.898225
2010,43,0.870811,3.898225
2010,44,0.5752,3.898225
2010,45,0.337086,3.898225
2010,46,0.191051,3.898225
2010,47,0.097412,3.898225
2010,48,0.047584,3.898225
2010,49,0.02,3.898225
2010,50,0.00825,3.898225
2010,51,0.003086,3.898225
2010,52,0.00249,3.898225
2010,53,0.002093,3.898225
2010,54,0.000621,3.898225
2011,10,4.4e-05,3.878043
2011,11,0.000578,3.878043
2011,12,0.006458,3.878043
2011,13,0.038079,3.878043
2011,14,0.118165,3.878043
2011,15,0.297697,3.878043
2011,16,0.636359,3.878043
2011,17,1.191742,3.878043
2011,18,1.947096,3.878043
2011,19,2.760761,3.878043
2011,20,3.572365,3.878043
2011,21,4.249247,3.878043
2011,22,4.76145,3.878043
2011,23,5.102584,3.878043
2011,24,5.277979,3.878043
2011,25,5.317556,3.878043
2011,26,5.245921,3.878043
2011,27,5.142301,3.878043
2011,28,5.022341,3.878043
2011,29,4.875733,3.878043
2011,30,4.699217,3.878043
2011,31,4.517548,3.878043
2011,32,4.333145,3.878043
2011,33,4.161407,3.878043
2011,34,3.992662,3.878043
2011,35,3.780922,3.878043
2011,36,3.494811,3.878043
2011,37,3.17636,3.878043
2011,38,2.830188,3.878043
2011,39,2.44728,3.878043
2011,40,2.02159,3.878043
2011,41,1.61163,3.878043
2011,42,1.217633,3.878043
2011,43,0.868721,3.878043
2011,44,0.575035,3.878043
2011,45,0.335555,3.878043
2011,46,0.190361,3.878043
2011,47,0.097143,3.878043
2011,48,0.047533,3.878043
2011,49,0.020045,3.878043
2011,50,0.008343,3.878043
2011,51,0.003111,3.878043
2011,52,0.002468,3.878043
2011,53,0.002139,3.878043
2011,54,0.000695,3.878043
2012,10,5.5e-05,3.768373
2012,11,0.000715,3.768373
2012,12,0.006992,3.768373
2012,13,0.039723,3.768373
2012,14,0.12172,3.768373
2012,15,0.306958,3.768373
2012,16,0.651691,3.768373
2012,17,1.210551,3.768373
2012,18,1.965925,3.768373
2012,19,2.776315,3.768373
2012,20,3.582521,3.768373
2012,21,4.258988,3.768373
2012,22,4.776339,3.768373
2012,23,5.125377,3.768373
2012,24,5.3098,3.768373
2012,25,5.355533,3.768373
2012,26,5.285362,3.768373
2012,27,5.178599,3.768373
2012,28,5.051233,3.768373
2012,29,4.894762,3.768373
2012,30,4.706062,3.768373
2012,31,4.513299,3.768373
2012,32,4.319114,3.768373
2012,33,4.141288,3.768373
2012,34,3.969893,3.768373
2012,35,3.756947,3.768373
2012,36,3.467384,3.768373
2012,37,3.145884,3.768373
2012,38,2.797187,3.768373
2012,39,2.411767,3.768373
2012,40,1.981157,3.768373
2012,41,1.573574,3.768373
2012,42,1.185807,3.768373
2012,43,0.845051,3.768373
2012,44,0.56053,3.768373
2012,45,0.334399,3.768373
2012,46,0.193116,3.768373
2012,47,0.102173,3.768373
2012,48,0.053014,3.768373
2012,49,0.024267,3.768373
2012,50,0.010076,3.768373
2012,51,0.003405,3.768373
2012,52,0.002552,3.768373
2012,53,0.002195,3.768373
2012,54,0.000698,3.768373
2013,10,7.2e-05,3.643468
2013,11,0.000933,3.643468
2013,12,0.007767,3.643468
2013,13,0.041802,3.643468
2013,14,0.126001,3.643468
2013,15,0.316617,3.643468
2013,16,0.667372,3.643468
2013,17,1.229232,3.643468
2013,18,1.983742,3.643468
2013,19,2.790006,3.643468
2013,20,3.590195,3.643468
2013,21,4.266258,3.643468
2013,22,4.789348,3.643468
2013,23,5.146823,3.643468
2013,24,5.340589,3.643468
2013,25,5.392538,3.643468
2013,26,5.323658,3.643468
2013,27,5.213731,3.643468
2013,28,5.079146,3.643468
2013,29,4.913091,3.643468
2013,30,4.712461,3.643468
2013,31,4.509085,3.643468
2013,32,4.30577,3.643468
2013,33,4.122817,3.643468
2013,34,3.949921,3.643468
2013,35,3.736655,3.643468
2013,36,3.443648,3.643468
2013,37,3.118795,3.643468
2013,38,2.767004,3.643468
2013,39,2.378122,3.643468
2013,40,1.940964,3.643468
2013,41,1.534961,3.643468
2013,42,1.153025,3.643468
2013,43,0.820283,3.643468
2013,44,0.544992,3.643468
2013,45,0.332433,3.643468
2013,46,0.195415,3.643468
2013,47,0.106985,3.643468
2013,48,0.058376,3.643468
2013,49,0.028424,3.643468
2013,50,0.011721,3.643468
2013,51,0.00368,3.643468
2013,52,0.002642,3.643468
2013,53,0.00223,3.643468
2013,54,0.000671,3.643468
2014,10,7.8e-05,3.520546
2014,11,0.00101,3.520546
2014,12,0.00818,3.520546
2014,13,0.043571,3.520546
2014,14,0.130381,3.520546
2014,15,0.329387,3.520546
2014,16,0.689298,3.520546
2014,17,1.256831,3.520546
2014,18,2.01198,3.520546
2014,19,2.812784,3.520546
2014,20,3.602864,3.520546
2014,21,4.274369,3.520546
2014,22,4.79964,3.520546
2014,23,5.163367,3.520546
2014,24,5.365812,3.520546
2014,25,5.424738,3.520546
2014,26,5.359115,3.520546
2014,27,5.248876,3.520546
2014,28,5.110481,3.520546
2014,29,4.937727,3.520546
2014,30,4.726995,3.520546
2014,31,4.513585,3.520546
2014,32,4.300441,3.520546
2014,33,4.111594,3.520546
2014,34,3.936366,3.520546
2014,35,3.721324,3.520546
2014,36,3.421499,3.520546
2014,37,3.089839,3.520546
2014,38,2.731631,3.520546
2014,39,2.335885,3.520546
2014,40,1.887651,3.520546
2014,41,1.482284,3.520546
2014,42,1.107227,3.520546
2014,43,0.784786,3.520546
2014,44,0.521857,3.520546
2014,45,0.32732,3.520546
2014,46,0.19664,3.520546
2014,47,0.112023,3.520546
2014,48,0.064427,3.520546
2014,49,0.03321,3.520546
2014,50,0.0135,3.520546
2014,51,0.003935,3.520546
2014,52,0.002714,3.520546
2014,53,0.0022,3.520546
2014,54,0.000578,3.520546
2015,10,9.2e-05,3.437717
2015,11,0.001197,3.437717
2015,12,0.008879,3.437717
2015,13,0.045591,3.437717
2015,14,0.134921,3.437717
2015,15,0.338099,3.437717
2015,16,0.703951,3.437717
2015,17,1.274243,3.437717
2015,18,2.028163,3.437717
2015,19,2.824793,3.437717
2015,20,3.609337,3.437717
2015,21,4.281588,3.437717
2015,22,4.814139,3.437717
2015,23,5.18659,3.437717
2015,24,5.397088,3.437717
2015,25,5.459594,3.437717
2015,26,5.391644,3.437717
2015,27,5.275042,3.437717
2015,28,5.127012,3.437717
2015,29,4.943234,3.437717
2015,30,4.720355,3.437717
2015,31,4.498176,3.437717
2015,32,4.279661,3.437717
2015,33,4.08989,3.437717
2015,34,3.917434,3.437717
2015,35,3.706058,3.437717
2015,36,3.406795,3.437717
2015,37,3.075094,3.437717
2015,38,2.71623,3.437717
2015,39,2.318284,3.437717
2015,40,1.864423,3.437717
2015,41,1.458784,3.437717
2015,42,1.086122,3.437717
2015,43,0.76724,3.437717
2015,44,0.508534,3.437717
2015,45,0.320422,3.437717
2015,46,0.192686,3.437717
2015,47,0.110082,3.437717
2015,48,0.063467,3.437717
2015,49,0.032764,3.437717
2015,50,0.013201,3.437717
2015,51,0.003855,3.437717
2015,52,0.002746,3.437717
2015,53,0.002085,3.437717
2015,54,0.000412,3.437717
2016,10,9.7e-05,3.375487
2016,11,0.001255,3.375487
2016,12,0.009207,3.375487
2016,13,0.047049,3.375487
2016,14,0.13878,3.375487
2016,15,0.347663,3.375487
2016,16,0.720869,3.375487
2016,17,1.295366,3.375487
2016,18,2.049135,3.375487
2016,19,2.841064,3.375487
2016,20,3.617849,3.375487
2016,21,4.288131,3.375487
2016,22,4.825188,3.375487
2016,23,5.204533,3.375487
2016,24,5.422468,3.375487
2016,25,5.489311,3.375487
2016,26,5.421098,3.375487
2016,27,5.300977,3.375487
2016,28,5.146619,3.375487
2016,29,4.95471,3.375487
2016,30,4.721817,3.375487
2016,31,4.491687,3.375487
2016,32,4.267332,3.375487
2016,33,4.075633,3.375487
2016,34,3.904532,3.375487
2016,35,3.694955,3.375487
2016,36,3.393608,3.375487
2016,37,3.059356,3.375487
2016,38,2.697605,3.375487
2016,39,2.29544,3.375487
2016,40,1.83369,3.375487
2016,41,1.427305,3.375487
2016,42,1.057616,3.375487
2016,43,0.743549,3.375487
2016,44,0.490794,3.375487
2016,45,0.311482,3.375487
2016,46,0.187774,3.375487
2016,47,0.107882,3.375487
2016,48,0.062536,3.375487
2016,49,0.032429,3.375487
2016,50,0.012925,3.375487
2016,51,0.003731,3.375487
2016,52,0.00267,3.375487
2016,53,0.001962,3.375487
2016,54,0.000322,3.375487
2017,10,0.000104,3.339421
2017,11,0.001356,3.339421
2017,12,0.009636,3.339421
2017,13,0.048523,3.339421
2017,14,0.142499,3.339421
2017,15,0.353941,3.339421
2017,16,0.731863,3.339421
2017,17,1.307828,3.339421
2017,18,2.059183,3.339421
2017,19,2.846442,3.339421
2017,20,3.617978,3.339421
2017,21,4.289419,3.339421
2017,22,4.834087,3.339421
2017,23,5.221755,3.339421
2017,24,5.446599,3.339421
2017,25,5.515664,3.339421
2017,26,5.443942,3.339421
2017,27,5.316793,3.339421
2017,28,5.152767,3.339421
2017,29,4.950537,3.339421
2017,30,4.707285,3.339421
2017,31,4.471128,3.339421
2017,32,4.245063,3.339421
2017,33,4.055403,3.339421
2017,34,3.889277,3.339421
2017,35,3.685384,3.339421
2017,36,3.38811,3.339421
2017,37,3.057118,3.339421
2017,38,2.697595,3.339421
2017,39,2.295683,3.339421
2017,40,1.831773,3.339421
2017,41,1.424052,3.339421
2017,42,1.053319,3.339421
2017,43,0.737964,3.339421
2017,44,0.483764,3.339421
2017,45,0.3029,3.339421
2017,46,0.179687,3.339421
2017,47,0.100496,3.339421
2017,48,0.056106,3.339421
2017,49,0.027921,3.339421
2017,50,0.011091,3.339421
2017,51,0.003334,3.339421
2017,52,0.002439,3.339421
2017,53,0.001842,3.339421
2017,54,0.000355,3.339421
2018,10,0.000111,3.318445
2018,11,0.001449,3.318445
2018,12,0.00994,3.318445
2018,13,0.049222,3.318445
2018,14,0.144055,3.318445
2018,15,0.355392,3.318445
2018,16,0.734766,3.318445
2018,17,1.311722,3.318445
2018,18,2.063267,3.318445
2018,19,2.849448,3.318445
2018,20,3.618822,3.318445
2018,21,4.288281,3.318445
2018,22,4.83148,3.318445
2018,23,5.218387,3.318445
2018,24,5.443247,3.318445
2018,25,5.513168,3.318445
2018,26,5.443203,3.318445
2018,27,5.318552,3.318445
2018,28,5.157517,3.318445
2018,29,4.957795,3.318445
2018,30,4.716354,3.318445
2018,31,4.480941,3.318445
2018,32,4.254647,3.318445
2018,33,4.064131,3.318445
2018,34,3.896596,3.318445
2018,35,3.690674,3.318445
2018,36,3.390968,3.318445
2018,37,3.057776,3.318445
2018,38,2.696366,3.318445
2018,39,2.292579,3.318445
2018,40,1.826963,3.318445
2018,41,1.417916,3.318445
2018,42,1.046384,3.318445
2018,43,0.730494,3.318445
2018,44,0.476012,3.318445
2018,45,0.294259,3.318445
2018,46,0.172044,3.318445
2018,47,0.093813,3.318445
2018,48,0.050438,3.318445
2018,49,0.024003,3.318445
2018,50,0.009498,3.318445
2018,51,0.002983,3.318445
2018,52,0.002231,3.318445
2018,53,0.00173,3.318445
2018,54,0.000379,3.318445
2019,10,0.000125,3.290096
2019,11,0.001623,3.290096
2019,12,0.01047,3.290096
2019,13,0.050208,3.290096
2019,14,0.145898,3.290096
2019,15,0.355569,3.290096
2019,16,0.735115,3.290096
2019,17,1.311927,3.290096
2019,18,2.063012,3.290096
2019,19,2.848906,3.290096
2019,20,3.618386,3.290096
2019,21,4.288468,3.290096
2019,22,4.832753,3.290096
2019,23,5.220544,3.290096
2019,24,5.445928,3.290096
2019,25,5.515939,3.290096
2019,26,5.445782,3.290096
2019,27,5.320948,3.290096
2019,28,5.159773,3.290096
2019,29,4.959782,3.290096
2019,30,4.718132,3.290096
2019,31,4.482677,3.290096
2019,32,4.256609,3.290096
2019,33,4.066004,3.290096
2019,34,3.898057,3.290096
2019,35,3.691549,3.290096
2019,36,3.39205,3.290096
2019,37,3.059294,3.290096
2019,38,2.698461,3.290096
2019,39,2.295122,3.290096
2019,40,1.830733,3.290096
2019,41,1.42079,3.290096
2019,42,1.047528,3.290096
2019,43,0.729273,3.290096
2019,44,0.472072,3.290096
2019,45,0.285668,3.290096
2019,46,0.163374,3.290096
2019,47,0.085498,3.290096
2019,48,0.04308,3.290096
2019,49,0.018821,3.290096
2019,50,0.007421,3.290096
2019,51,0.002564,3.290096
2019,52,0.002003,3.290096
2019,53,0.001629,3.290096
2019,54,0.000434,3.290096
2020,10,0.000131,3.254181
2020,11,0.001708,3.254181
2020,12,0.010759,3.254181
2020,13,0.050919,3.254181
2020,14,0.147546,3.254181
2020,15,0.35734,3.254181
2020,16,0.738564,3.254181
2020,17,1.316273,3.254181
2020,18,2.067088,3.254181
2020,19,2.85123,3.254181
2020,20,3.617795,3.254181
2020,21,4.285576,3.254181
2020,22,4.828529,3.254181
2020,23,5.215805,3.254181
2020,24,5.441448,3.254181
2020,25,5.512451,3.254181
2020,26,5.444041,3.254181
2020,27,5.321649,3.254181
2020,28,5.163391,3.254181
2020,29,4.965865,3.254181
2020,30,4.726024,3.254181
2020,31,4.491534,3.254181
2020,32,4.265658,3.254181
2020,33,4.074737,3.254181
2020,34,3.905989,3.254181
2020,35,3.698014,3.254181
2020,36,3.396487,3.254181
2020,37,3.061812,3.254181
2020,38,2.699242,3.254181
2020,39,2.294008,3.254181
2020,40,1.827714,3.254181
2020,41,1.416177,3.254181
2020,42,1.041789,3.254181
2020,43,0.722645,3.254181
2020,44,0.464803,3.254181
2020,45,0.27701,3.254181
2020,46,0.155673,3.254181
2020,47,0.078726,3.254181
2020,48,0.037309,3.254181
2020,49,0.014819,3.254181
2020,50,0.005767,3.254181
2020,51,0.002199,3.254181
2020,52,0.001787,3.254181
2020,53,0.001513,3.254181
2020,54,0.000459,3.254181
2021,10,0.000131,3.219212
2021,11,0.0017,3.219212
2021,12,0.010778,3.219212
2021,13,0.051191,3.219212
2021,14,0.148595,3.219212
2021,15,0.359048,3.219212
2021,16,0.742294,3.219212
2021,17,1.321058,3.219212
2021,18,2.071476,3.219212
2021,19,2.853315,3.219212
2021,20,3.616083,3.219212
2021,21,4.281097,3.219212
2021,22,4.822733,3.219212
2021,23,5.209681,3.219212
2021,24,5.435835,3.219212
2021,25,5.507999,3.219212
2021,26,5.441358,3.219212
2021,27,5.321373,3.219212
2021,28,5.165966,3.219212
2021,29,4.970843,3.219212
2021,30,4.732764,3.219212
2021,31,4.499434,3.219212
2021,32,4.274175,3.219212
2021,33,4.083508,3.219212
2021,34,3.91461,3.219212
2021,35,3.705773,3.219212
2021,36,3.402635,3.219212
2021,37,3.066324,3.219212
2021,38,2.70216,3.219212
2021,39,2.294977,3.219212
2021,40,1.82651,3.219212
2021,41,1.413076,3.219212
2021,42,1.037219,3.219212
2021,43,0.716822,3.219212
2021,44,0.457979,3.219212
2021,45,0.26839,3.219212
2021,46,0.147904,3.219212
2021,47,0.071822,3.219212
2021,48,0.031388,3.219212
2021,49,0.010696,3.219212
2021,50,0.004044,3.219212
2021,51,0.001814,3.219212
2021,52,0.001556,3.219212
2021,53,0.001385,3.219212
2021,54,0.000482,3.219212
2022,10,0.000133,3.181544
2022,11,0.001728,3.181544
2022,12,0.010913,3.181544
2022,13,0.051716,3.181544
2022,14,0.150071,3.181544
2022,15,0.361335,3.181544
2022,16,0.746671,3.181544
2022,17,1.32616,3.181544
2022,18,2.07546,3.181544
2022,19,2.854239,3.181544
2022,20,3.612571,3.181544
2022,21,4.274603,3.181544
2022,22,4.815121,3.181544
2022,23,5.201984,3.181544
2022,24,5.428838,3.181544
2022,25,5.502229,3.181544
2022,26,5.437265,3.181544
2022,27,5.319559,3.181544
2022,28,5.166878,3.181544
2022,29,4.974123,3.181544
2022,30,4.737841,3.181544
2022,31,4.505935,3.181544
2022,32,4.281738,3.181544
2022,33,4.091973,3.181544
2022,34,3.923709,3.181544
2022,35,3.714757,3.181544
2022,36,3.410408,3.181544
2022,37,3.072677,3.181544
2022,38,2.706953,3.181544
2022,39,2.297678,3.181544
2022,40,1.826547,3.181544
2022,41,1.411039,3.181544
2022,42,1.033623,3.181544
2022,43,0.711968,3.181544
2022,44,0.452181,3.181544
2022,45,0.261121,3.181544
2022,46,0.141388,3.181544
2022,47,0.066046,3.181544
2022,48,0.026415,3.181544
2022,49,0.007222,3.181544
2022,50,0.002575,3.181544
2022,51,0.001482,3.181544
2022,52,0.001356,3.181544
2022,53,0.001272,3.181544
2022,54,5e-04,3.181544
2023,10,0.000145,3.147397
2023,11,0.001888,3.147397
2023,12,0.011394,3.147397
2023,13,0.05259,3.147397
2023,14,0.151619,3.147397
2023,15,0.361624,3.147397
2023,16,0.747018,3.147397
2023,17,1.326215,3.147397
2023,18,2.074895,3.147397
2023,19,2.853246,3.147397
2023,20,3.611548,3.147397
2023,21,4.274047,3.147397
2023,22,4.815472,3.147397
2023,23,5.203094,3.147397
2023,24,5.430416,3.147397
2023,25,5.503923,3.147397
2023,26,5.438833,3.147397
2023,27,5.321001,3.147397
2023,28,5.168231,3.147397
2023,29,4.975313,3.147397
2023,30,4.738919,3.147397
2023,31,4.507052,3.147397
2023,32,4.283111,3.147397
2023,33,4.093419,3.147397
2023,34,3.925031,3.147397
2023,35,3.71581,3.147397
2023,36,3.411656,3.147397
2023,37,3.074238,3.147397
2023,38,2.708885,3.147397
2023,39,2.299856,3.147397
2023,40,1.829449,3.147397
2023,41,1.413239,3.147397
2023,42,1.034561,3.147397
2023,43,0.711235,3.147397
2023,44,0.449557,3.147397
2023,45,0.254902,3.147397
2023,46,0.135376,3.147397
2023,47,0.060471,3.147397
2023,48,0.021628,3.147397
2023,49,0.003904,3.147397
2023,50,0.001167,3.147397
2023,51,0.001167,3.147397
2023,52,0.001167,3.147397
2023,53,0.001167,3.147397
2023,54,0.000519,3.147397
2024,10,0.000149,NA
2024,11,0.001981,NA
2024,12,0.011749,NA
2024,13,0.053755,NA
2024,14,0.154417,NA
2024,15,0.36712,NA
2024,16,0.756607,NA
2024,17,1.339111,NA
2024,18,2.089787,NA
2024,19,2.867737,NA
2024,20,3.623492,NA
2024,21,4.283758,NA
2024,22,4.823683,NA
2024,23,5.210723,NA
2024,24,5.438234,NA
2024,25,5.511962,NA
2024,26,5.446768,NA
2024,27,5.32846,NA
2024,28,5.174771,NA
2024,29,4.980293,NA
2024,30,4.741582,NA
2024,31,4.507166,NA
2024,32,4.280525,NA
2024,33,4.088698,NA
2024,34,3.91872,NA
2024,35,3.708045,NA
2024,36,3.401839,NA
2024,37,3.062698,NA
2024,38,2.696018,NA
2024,39,2.285812,NA
2024,40,1.813957,NA
2024,41,1.39834,NA
2024,42,1.021462,NA
2024,43,0.70047,NA
2024,44,0.44139,NA
2024,45,0.249623,NA
2024,46,0.131959,NA
2024,47,0.05839,NA
2024,48,0.020428,NA
2024,49,0.003474,NA
2024,50,0.001016,NA
2024,51,0.001089,NA
2024,52,0.001106,NA
2024,53,0.00112,NA
2024,54,0.000513,NA
2025,10,0.000151,NA
2025,11,0.002002,NA
2025,12,0.011873,NA
2025,13,0.054322,NA
2025,14,0.156046,NA
2025,15,0.370993,NA
2025,16,0.764589,NA
2025,17,1.351626,NA
2025,18,2.104124,NA
2025,19,2.881552,NA
2025,20,3.6349,NA
2025,21,4.292976,NA
2025,22,4.831482,NA
2025,23,5.218048,NA
2025,24,5.445874,NA
2025,25,5.519964,NA
2025,26,5.454815,NA
2025,27,5.33616,NA
2025,28,5.181665,NA
2025,29,4.985716,NA
2025,30,4.744761,NA
2025,31,4.507839,NA
2025,32,4.278521,NA
2025,33,4.08456,NA
2025,34,3.912974,NA
2025,35,3.700812,NA
2025,36,3.392529,NA
2025,37,3.051639,NA
2025,38,2.683608,NA
2025,39,2.272213,NA
2025,40,1.798929,NA
2025,41,1.383882,NA
2025,42,1.008754,NA
2025,43,0.690039,NA
2025,44,0.433499,NA
2025,45,0.244526,NA
2025,46,0.128677,NA
2025,47,0.056413,NA
2025,48,0.019313,NA
2025,49,0.003097,NA
2025,50,0.000886,NA
2025,51,0.001018,NA
2025,52,0.001049,NA
2025,53,0.001076,NA
2025,54,0.000507,NA
2026,10,0.000152,NA
2026,11,0.002023,NA
2026,12,0.011996,NA
2026,13,0.054883,NA
2026,14,0.157659,NA
2026,15,0.374827,NA
2026,16,0.77249,NA
2026,17,1.363749,NA
2026,18,2.117898,NA
2026,19,2.894686,NA
2026,20,3.645567,NA
2026,21,4.301464,NA
2026,22,4.838604,NA
2026,23,5.224782,NA
2026,24,5.453036,NA
2026,25,5.527626,NA
2026,26,5.462674,NA
2026,27,5.34381,NA
2026,28,5.18863,NA
2026,29,4.99131,NA
2026,30,4.748198,NA
2026,31,4.508827,NA
2026,32,4.276865,NA
2026,33,4.080782,NA
2026,34,3.907576,NA
2026,35,3.693905,NA
2026,36,3.383537,NA
2026,37,3.04089,NA
2026,38,2.671503,NA
2026,39,2.258927,NA
2026,40,1.784258,NA
2026,41,1.369779,NA
2026,42,0.996374,NA
2026,43,0.679897,NA
2026,44,0.425851,NA
2026,45,0.239604,NA
2026,46,0.125525,NA
2026,47,0.054534,NA
2026,48,0.018278,NA
2026,49,0.002768,NA
2026,50,0.000775,NA
2026,51,0.000952,NA
2026,52,0.000996,NA
2026,53,0.001033,NA
2026,54,5e-04,NA
2027,10,0.000154,NA
2027,11,0.002043,NA
2027,12,0.012113,NA
2027,13,0.055422,NA
2027,14,0.159206,NA
2027,15,0.378505,NA
2027,16,0.78007,NA
2027,17,1.375469,NA
2027,18,2.131099,NA
2027,19,2.907133,NA
2027,20,3.65551,NA
2027,21,4.309243,NA
2027,22,4.845074,NA
2027,23,5.230954,NA
2027,24,5.459753,NA
2027,25,5.53498,NA
2027,26,5.470379,NA
2027,27,5.351444,NA
2027,28,5.195699,NA
2027,29,4.997106,NA
2027,30,4.751922,NA
2027,31,4.510157,NA
2027,32,4.275584,NA
2027,33,4.077386,NA
2027,34,3.90255,NA
2027,35,3.687347,NA
2027,36,3.374882,NA
2027,37,3.030467,NA
2027,38,2.659716,NA
2027,39,2.245965,NA
2027,40,1.769947,NA
2027,41,1.356032,NA
2027,42,0.984318,NA
2027,43,0.670038,NA
2027,44,0.418441,NA
2027,45,0.234851,NA
2027,46,0.122497,NA
2027,47,0.052748,NA
2027,48,0.017315,NA
2027,49,0.002478,NA
2027,50,0.000679,NA
2027,51,0.000892,NA
2027,52,0.000946,NA
2027,53,0.000993,NA
2027,54,0.000494,NA
2028,10,0.000155,NA
2028,11,0.002062,NA
2028,12,0.01223,NA
2028,13,0.055955,NA
2028,14,0.160738,NA
2028,15,0.382147,NA
2028,16,0.787575,NA
2028,17,1.386777,NA
2028,18,2.143721,NA
2028,19,2.91889,NA
2028,20,3.664708,NA
2028,21,4.316294,NA
2028,22,4.850874,NA
2028,23,5.236544,NA
2028,24,5.466003,NA
2028,25,5.542006,NA
2028,26,5.477911,NA
2028,27,5.359043,NA
2028,28,5.202854,NA
2028,29,5.003088,NA
2028,30,4.755916,NA
2028,31,4.511814,NA
2028,32,4.274661,NA
2028,33,4.074359,NA
2028,34,3.897881,NA
2028,35,3.681122,NA
2028,36,3.366549,NA
2028,37,3.020356,NA
2028,38,2.648235,NA
2028,39,2.233314,NA
2028,40,1.755985,NA
2028,41,1.342628,NA
2028,42,0.972576,NA
2028,43,0.660453,NA
2028,44,0.411259,NA
2028,45,0.230261,NA
2028,46,0.119589,NA
2028,47,0.051049,NA
2028,48,0.016419,NA
2028,49,0.002223,NA
2028,50,0.000597,NA
2028,51,0.000836,NA
2028,52,9e-04,NA
2028,53,0.000955,NA
2028,54,0.000488,NA
2029,10,0.000157,NA
2029,11,0.002082,NA
2029,12,0.012347,NA
2029,13,0.056494,NA
2029,14,0.162285,NA
2029,15,0.385825,NA
2029,16,0.795157,NA
2029,17,1.397663,NA
2029,18,2.155755,NA
2029,19,2.929953,NA
2029,20,3.673152,NA
2029,21,4.322606,NA
2029,22,4.855994,NA
2029,23,5.241542,NA
2029,24,5.471776,NA
2029,25,5.548694,NA
2029,26,5.485258,NA
2029,27,5.366597,NA
2029,28,5.210087,NA
2029,29,5.009248,NA
2029,30,4.760176,NA
2029,31,4.513791,NA
2029,32,4.274091,NA
2029,33,4.071693,NA
2029,34,3.89356,NA
2029,35,3.675222,NA
2029,36,3.358531,NA
2029,37,3.01055,NA
2029,38,2.63705,NA
2029,39,2.220966,NA
2029,40,1.742362,NA
2029,41,1.329558,NA
2029,42,0.961138,NA
2029,43,0.651133,NA
2029,44,0.404297,NA
2029,45,0.225829,NA
2029,46,0.116795,NA
2029,47,0.049434,NA
2029,48,0.015585,NA
2029,49,0.001999,NA
2029,50,0.000526,NA
2029,51,0.000785,NA
2029,52,0.000856,NA
2029,53,0.000919,NA
2029,54,0.000482,NA
2030,10,0.000158,NA
2030,11,0.002103,NA
2030,12,0.01247,NA
2030,13,0.057054,NA
2030,14,0.163895,NA
2030,15,0.389654,NA
2030,16,0.803048,NA
2030,17,1.408118,NA
2030,18,2.167193,NA
2030,19,2.940317,NA
2030,20,3.680822,NA
2030,21,4.328163,NA
2030,22,4.860414,NA
2030,23,5.245928,NA
2030,24,5.477053,NA
2030,25,5.555025,NA
2030,26,5.492403,NA
2030,27,5.374088,NA
2030,28,5.217381,NA
2030,29,5.015571,NA
2030,30,4.764684,NA
2030,31,4.516074,NA
2030,32,4.273858,NA
2030,33,4.069373,NA
2030,34,3.889575,NA
2030,35,3.669635,NA
2030,36,3.350815,NA
2030,37,3.001036,NA
2030,38,2.626152,NA
2030,39,2.20891,NA
2030,40,1.729066,NA
2030,41,1.316811,NA
2030,42,0.949994,NA
2030,43,0.642069,NA
2030,44,0.397548,NA
2030,45,0.221549,NA
2030,46,0.114112,NA
2030,47,0.047897,NA
2030,48,0.014807,NA
2030,49,0.001802,NA
2030,50,0.000464,NA
2030,51,0.000737,NA
2030,52,0.000815,NA
2030,53,0.000885,NA
2030,54,0.000475,NA
